title,url,image_url,ratings,ratings_count,price,delivery_info
,,,,,,
Womens Sundress Summer Floral Short Sleeve Wrap V Neck A-Line Midi Dress,/FENSACE-Dresses-Wedding-Floral-Womens/dp/B09PD9PG73,https://m.media-amazon.com/images/I/71RcYBKNsSL._MCnd_AC_UL320_.jpg,,"1,535",$33.99,Or fastest delivery 
Womens Dresses 2024 Spring Summer Deep V Neck Elegant Bow tie Mini Dress S-XL,/Dokotoo-Dresses-Wedding-Drawstring-Elegant/dp/B0C1GS1NWD,https://m.media-amazon.com/images/I/51ayv6EKySL._MCnd_AC_UL320_.jpg,,"1,092",$38.99,Or fastest delivery 
Women's Summer Casual Square Neck Dress with Pocket Cute Sleeveless High Waist A-line Sundress Dresses 2024,/HUHOT-Dresses-Sundresses-Hawaiian-Sleeveless/dp/B0BVB66WX2,https://m.media-amazon.com/images/I/81EYjmptifL._MCnd_AC_UL320_.jpg,,"1,035",$34.99,Or fastest delivery 
Women’s 2024 Summer Short Sleeve Crewneck T Shirt Maxi Dress Tie Waist Casual Slim Fit Slit Long Beach Dresses,/ANRABESS-Womens-Crewneck-Dresses-735heise-M/dp/B0BN415JLM,https://m.media-amazon.com/images/I/61JeygvTC4L._MCnd_AC_UL320_.jpg,,657,$37.99,Or fastest delivery 
Floral Dress for Women 2024 Flowy Elegant Summer Maxi Dress Chiffon Dress Trendy Short Sleeve V Neck Long Dress,/Elegant-Chiffon-Wedding-Bohemian-2024/dp/B0D5R8CYWQ?sbo=RZvfv%2F%2FHxDF%2BO5021pAnSA%3D%3D,https://m.media-amazon.com/images/I/61dfFBTjK6L._MCnd_AC_UL320_.jpg,,15,$19.99,Or fastest delivery 
Floral Dress for Women 2024 Flowy Elegant Summer Maxi Dress Chiffon Dress Trendy Short Sleeve V Neck Long Dress,/Elegant-Chiffon-Wedding-Bohemian-2024/dp/B0D5R8CYWQ?sbo=RZvfv%2F%2FHxDF%2BO5021pAnSA%3D%3D,https://m.media-amazon.com/images/I/61dfFBTjK6L._MCnd_AC_UL320_.jpg,,15,$19.99,Or fastest delivery 
Dresses for Women 2024 Women's Summer Short Sleeve Casual Dress Round Neck Solid Color Party Dresses,/KDMLR-Dresses-Womens-Summer-Sleeve/dp/B0CXM64DTQ?sbo=RZvfv%2F%2FHxDF%2BO5021pAnSA%3D%3D,https://m.media-amazon.com/images/I/61XiHHPlEXL._MCnd_AC_UL320_.jpg,,4,$25.94,
Cotton Dresses for Women 2024 Women's Summer Short Sleeve Midi Dress Casual Loose Beach Dress with Pockets,/Cotton-Dresses-Womens-Summer-Pockets/dp/B0D3VCSMVY?sbo=RZvfv%2F%2FHxDF%2BO5021pAnSA%3D%3D,https://m.media-amazon.com/images/I/61IwOyV3jGL._MCnd_AC_UL320_.jpg,,,$25.00,
Boho Dresses for Women 2024 Summer Floral Print V Neck Maxi High Waist Wrap Dress Hawaiian Beach Flowy Dress,/Generic-Summer-Dresses-Vacation-Ruffled/dp/B0D1G9G7M9?sbo=RZvfv%2F%2FHxDF%2BO5021pAnSA%3D%3D,https://m.media-amazon.com/images/I/81i1-g9UEQL._MCnd_AC_UL320_.jpg,,6,$12.99,Or fastest delivery 
Floral Maxi Dresses for Women 2024 Casual Flowy Elegant Chiffon Dress Trendy Cute V Neck Summer Vacation Dress,/Dresses-2024-Wedding-Chiffon-Vacation/dp/B0D41LBHPY?sbo=RZvfv%2F%2FHxDF%2BO5021pAnSA%3D%3D,https://m.media-amazon.com/images/I/716+sIlW+cL._MCnd_AC_UL320_.jpg,,9,$22.98,Or fastest delivery 
Women's Elastic Ruched Floral Print Midi Dress Summer Vacation Short Sleeve Crewneck Dresses with Pockets,/Akivide-Elastic-Vacation-Crewneck-Dresses/dp/B0D472Z2M4?sbo=RZvfv%2F%2FHxDF%2BO5021pAnSA%3D%3D,https://m.media-amazon.com/images/I/611p-0f2sKL._MCnd_AC_UL320_.jpg,,1,$27.99,
Summer Dresses for Women 2024 Maxi Dresses for Women 2024 Floral Plus Size Dresses for Curvy Women Spring Dresses,/Stunning-Summer-Dresses-Floral-Babydoll/dp/B0D3Q2SXQD?sbo=RZvfv%2F%2FHxDF%2BO5021pAnSA%3D%3D,https://m.media-amazon.com/images/I/71iXGAG5O-L._MCnd_AC_UL320_.jpg,,1,$12.99,Or fastest delivery 
Plus Size Boho Floral Wedding Summer Spring Long Flowy Aline Beach Vacation Formal Lavender Dresses for Women 2024,/Spring-Floral-Dresses-Button-Summer/dp/B0D35B9DKY?sbo=RZvfv%2F%2FHxDF%2BO5021pAnSA%3D%3D,https://m.media-amazon.com/images/I/71+MBHrfqQL._MCnd_AC_UL320_.jpg,,4,$19.99,Or fastest delivery 
Womens Wear Around Nightshirt,/Hanes-Womens-Around-Nightshirt-Denim/dp/B008FV74FU?sbo=RZvfv%2F%2FHxDF%2BO5021pAnSA%3D%3D,https://m.media-amazon.com/images/I/51-JApEr-wL._AC_UL320_.jpg,,"17,100",$12.00,Or fastest delivery 
,,,,,,
Women Summer Casual Short Sleeve Crewneck Aline Swing Flowy Tiered Shirt Maxi Beach Long Dress 2024 Trendy Outfits,/ANRABESS-Womens-Crewneck-Pockets-727heise-S/dp/B0BNDJTZYC,https://m.media-amazon.com/images/I/61X91LqC1JL._MCnd_AC_UL320_.jpg,,"3,257",$34.99,Or fastest delivery 
Womens Summer Casual Sleeveless Square Neck Smocked Ruffle Backless Boho Mini Dress 2024 Trendy Short Sundress,/ANRABESS-Sleeveless-Backless-Sundress-A1434-xingse-M/dp/B0CN2WPGTM,https://m.media-amazon.com/images/I/71j0GemUBZL._MCnd_AC_UL320_.jpg,,105,$37.99,Or fastest delivery 
Women's Summer Short Sleeve A-Line Midi Dresses Casual Floral T-Shirt Dress Flowy Beach Sundress with Pockets,/HOTOUCH-Pockets-Floral-Summer-X-Large/dp/B0CPHWBF5P,https://m.media-amazon.com/images/I/81OLYxhUbIL._MCnd_AC_UL320_.jpg,,334,$34.97,Or fastest delivery 
Womens Summer Wrap Maxi Dress Casual Boho Floral V Neck Short Sleeve Ruffle Hem Split Beach Long Dresses,/PRETTYGARDEN-Womens-Summer-Casual-Dresses/dp/B0BZ776GVB,https://m.media-amazon.com/images/I/71D0gFiJ0kL._MCnd_AC_UL320_.jpg,,"13,002",$47.99,Or fastest delivery 
Women's 2024 Summer Trendy V Neck Ruffle Short Sleeve A Line Tiered Flowy Casual Mini Beach Dress with Pockets,/ANRABESS-Womens-Summer-Pockets-shenzanglan/dp/B0CM9439M5,https://m.media-amazon.com/images/I/711fef8BgQL._MCnd_AC_UL320_.jpg,,108,$37.99,Or fastest delivery 
Womens Summer Ruffle Sleeve V Neck Midi Dress 2024 Fashion Casual Fit Flowy Tiered Boho Beach Vacation Sundress,/ANRABESS-Fashion-Vacation-Sundress-A1408zanglan-M/dp/B0CMHCYVQ9,https://m.media-amazon.com/images/I/71hNJt5IbML._MCnd_AC_UL320_.jpg,,202,$39.99,
Women's 2024 Summer Casual Floral Print Short Flutter Sleeve Crew Neck Smocked High Waist Flowy Maxi Dress,/ZESICA-Womens-Flutter-Smocked-Tangerine/dp/B0BBR8B6FB,https://m.media-amazon.com/images/I/71G+iDsSEIL._MCnd_AC_UL320_.jpg,,"2,482",$56.99,Or fastest delivery 
Women 2024 Summer Ruffle Edge Sleeve Dresses Floral Casual Beach Mini Dress with Pocket,/Dokotoo-Dresses-Fashion-Drawstring-Elegant/dp/B0CRBDRJTB,https://m.media-amazon.com/images/I/61NRF-0t-2L._MCnd_AC_UL320_.jpg,,142,$19.99,Or fastest delivery 
Women's Flutter Short Sleeve Smocked Midi Dress Summer Casual Tiered A-Line Dress,/MEROKEETY-Womens-Smocked-Flutter-Elastic/dp/B09X47HP2S,https://m.media-amazon.com/images/I/51GMRN06l2L._MCnd_AC_UL320_.jpg,,"3,267",$39.09,Or fastest delivery 
Summer Casual Cute Floral Flowy Square Neck Sundressses with Pocket Beach Dress for Women 2024,/Loemes-Dresses-Summer-Casual-Length/dp/B0B1MSFZT2,https://m.media-amazon.com/images/I/71O1Yi8m7EL._MCnd_AC_UL320_.jpg,,"1,815",$35.99,
Womens Boho Short Sleeve V Neck Swiss Dot Ruffle Tiered Smocked Long Cocktail Dress,/PRETTYGARDEN-Summer-Dresses-Smocked-XX-Large/dp/B0BWRHPZ1H,https://m.media-amazon.com/images/I/71mD0k9z7pL._MCnd_AC_UL320_.jpg,,"3,993",$46.89,Or fastest delivery 
Denim Dress for Women Babydoll Tiered Short Sleeve Button Down Jean Shirt Dresses,/GRAPENT-Dresses-Casual-Elegant-Cotton/dp/B09YCGCGSW,https://m.media-amazon.com/images/I/71+KXGHpWCL._MCnd_AC_UL320_.jpg,,"1,936",$38.24,Or fastest delivery 
Women Strapless Casual Loose Ruched Long Maxi Dress with Pockets,/GRACE-KARIN-Strapless-Casual-Pockets/dp/B0CP8TD74N,https://m.media-amazon.com/images/I/61B8r9NQwAL._MCnd_AC_UL320_.jpg,,"1,987",$50.99,FREE delivery 
Women's 2024 Summer Casual Flutter Short Sleeve Crew Neck Smocked Elastic Waist Tiered Midi Dress,/ZESICA-Flutter-Smocked-Elastic-LightKhaki/dp/B0BTMDY33V,https://m.media-amazon.com/images/I/61cmwMdXbWL._MCnd_AC_UL320_.jpg,,"8,197",$50.99,Or fastest delivery 
Womens Boho Maxi Dresses 2024 Summer V Neck Puff Sleeve Floral Flowy Swing Casual Long Dress,/ANRABESS-Womens-Dresses-Summer-Sleeve/dp/B0CP5N9HMP,https://m.media-amazon.com/images/I/71tyKtKg7NL._MCnd_AC_UL320_.jpg,,115,$39.99,Or fastest delivery 
,,,,,,
Women's Summer Boho Dress Casual Floral Print Spaghetti Strap Square Neck Long Maxi Dress Beach Sun Dress,/MakeMeChic-Womens-Sleeveless-Spaghetti-Shirred/dp/B09M6HB6CV,https://m.media-amazon.com/images/I/71Fot8BNhUL._MCnd_AC_UL320_.jpg,,"1,463",$42.99,Or fastest delivery 
Womens Summer Dresses Square Neck Tie Back Lantern Sleeve Ruffle A-Line Casual Dress,/Dokotoo-Shoulder-Lantern-Shirred-Elastic/dp/B09TW5PBK7,https://m.media-amazon.com/images/I/61KWbKPnk-L._MCnd_AC_UL320_.jpg,,"4,457",$33.99,Or fastest delivery 
Womens 2024 Summer Sundresses Sleeveless Scoop Neck Tiered Flowy Beach Vacation Party Long Maxi Dress,/PRETTYGARDEN-Womens-Sundresses-Sleeveless-Vacation/dp/B0CP995964,https://m.media-amazon.com/images/I/619Tt6LZHQL._MCnd_AC_UL320_.jpg,,141,$19.99,Or fastest delivery 
Women's 2024 Summer Boho Spaghetti Strap Square Neck Solid Color Ruffle A Line Beach Long Maxi Dress,/ZESICA-Womens-Summer-Spaghetti-Square/dp/B08XYPDS2H,https://m.media-amazon.com/images/I/51doPmnvE1L._MCnd_AC_UL320_.jpg,,"7,042",$49.99,Or fastest delivery 
Womens Summer Dresses 2024 Boho Floral Square Neck Smocked 3/4 Sleeve Casual A-Line Swing Mini Babydoll Dress,/Dokotoo-Dresses-Elegant-Smocked-Babydoll/dp/B0CTG7LZ9C,https://m.media-amazon.com/images/I/81rdB1m6SBL._MCnd_AC_UL320_.jpg,,81,$39.98,Or fastest delivery 
Women Summer Dresses Sleeveless Casual Loose Swing Button Down Midi Dress with Pockets,/WNEEDU-Summer-Dresses-Ruffle-Sleeve/dp/B0BVM1FRKK,https://m.media-amazon.com/images/I/811Kq4HMUYL._MCnd_AC_UL320_.jpg,,909,$26.33,Or fastest delivery 
Women's Flutter Sleeve Smocked Midi Dress V Neck Casual Tiered Dresses with Pockets,/MEROKEETY-Womens-Smocked-Flutter-Dustypink/dp/B0BGY1TH7Y,https://m.media-amazon.com/images/I/71B190CA1aL._MCnd_AC_UL320_.jpg,,"1,032",$47.99,Or fastest delivery 
Summer Maxi Dress for Women 2024 Casual V Neck Puff Short Sleeve Smocked Ruffle Flowy Beach Boho Long Floral Dress,/MASCOMODA-Summer-Casual-Sleeve-Smocked/dp/B0CRDPW75T,https://m.media-amazon.com/images/I/812BstPBzGL._MCnd_AC_UL320_.jpg,,120,$46.99,
Women's Summer Short Sleeve Casual Dresses V-Neck Floral Party Dress with Pockets,/WEACZZY-Womens-Dresses-Sleeve-Pockets/dp/B09MCMRYDP,https://m.media-amazon.com/images/I/61D7qAZ8bRL._MCnd_AC_UL320_.jpg,,"6,918",$33.99,Or fastest delivery 
Summer Dresses for Women V Neck Ruffle Short Sleeve Casual Shift Dress,/QACOHU-Womens-Summer-V-Neck-Sleeves/dp/B0B12CQTW3,https://m.media-amazon.com/images/I/61KNiCpK-hL._MCnd_AC_UL320_.jpg,,"3,541",$36.99,Or fastest delivery 
Women Summer Bohemian Floral Casual Wrap V Neck Ruffle Cap Sleeveless Belt A-Line Pleated Hem Midi Sun Dress White,/BTFBM-Summer-Bohemian-Sleeveless-Pleated/dp/B091CM5Y2V,https://m.media-amazon.com/images/I/61zle4VaOjL._MCnd_AC_UL320_.jpg,,"14,823",$36.54,Or fastest delivery 
Women's 2024 Summer Ruched Bodycon Dress Sleeveless One Shoulder Wrap Satin Belted Cocktail Midi Dress,/PRETTYGARDEN-Asymmetrical-Sleeveless-Shoulder-Cocktail/dp/B09MVKVC2V,https://m.media-amazon.com/images/I/71AdRcAGy5L._MCnd_AC_UL320_.jpg,,"7,715",$35.99,Or fastest delivery 
Women's 2024 Summer Bohemian Strapless Off Shoulder Lace Trim Backless Flowy A Line Beach Long Maxi Dress,/ZESICA-Womens-Strapless-Crochet-Backless/dp/B09NXCBLTR,https://m.media-amazon.com/images/I/51Uwz8j61fL._MCnd_AC_UL320_.jpg,,"3,121",$39.99,Or fastest delivery 
Womens Bodycon Dress Slim Fit Cross Over Fishtail Sheath Pencil Dress,/GRACE-KARIN-Bodycon-Business-Sleeve/dp/B0BGLSXSHJ,https://m.media-amazon.com/images/I/51Q5PsUEw-L._MCnd_AC_UL320_.jpg,,558,$29.99,Or fastest delivery 
Women's Summer 2024 Maxi Dress Spaghetti Strap Spring Casual Boho Split Beach Long Flowy Dresses Trendy,/Dokotoo-Summer-Dresses-Sundresses-Apricot/dp/B0CS6RS1RC,https://m.media-amazon.com/images/I/71w0KhsgAsL._MCnd_AC_UL320_.jpg,,74,$38.99,Or fastest delivery 
Summer Dresses for Women 2023 Beach Floral Tshirt Sundress Sleeveless Pockets Casual Loose Tank Dress,/Scotamalone-Dresses-Sundress-Sleeveless-Pockets/dp/B0C1YZZ2QJ,https://m.media-amazon.com/images/I/712tLlghosL._MCnd_AC_UL320_.jpg,,353,$5.49,Or fastest delivery 
Women’s Summer Loose Boho Flowy Wrap V Neck 3/4 Sleeve Floral Print Slit Beach Wedding Guest Long Maxi Dresses 2024,/ANRABESS-Womens-Wedding-Dresses-X-Large/dp/B09QMCBYNH,https://m.media-amazon.com/images/I/71Bfgux4DPL._MCnd_AC_UL320_.jpg,,"4,445",$49.99,Or fastest delivery 
Womens Summer Dresses 2024 Sleeveless Button Down Smocked Elastic Waist Ruffle Tiered Casual Swing Mini Dress,/Dokotoo-Smocked-Elastic-Dresses-Sundress/dp/B0C8TGQ1BD,https://m.media-amazon.com/images/I/61qHRLcgatL._MCnd_AC_UL320_.jpg,,378,$33.98,Or fastest delivery 
Women Summer Maxi Dress Short Sleeve Swing Casual Asymmetric Tiered Vacation Long Beach Sundress Outfits,/ANRABESS-Womens-Crewneck-Asymmetric-1009hailan-M/dp/B0C2GSXV9T,https://m.media-amazon.com/images/I/61oAuRzLO8L._MCnd_AC_UL320_.jpg,,279,$30.99,Or fastest delivery 
Women's Wear to Work Dress V Neck Sleeveless Ruched Wrap Office Party Pencil Dresses,/GRACE-KARIN-Womens-Cocktail-Sleeveless/dp/B0BX3N8NVW,https://m.media-amazon.com/images/I/71NgaMGGuTL._MCnd_AC_UL320_.jpg,,507,$48.99,Or fastest delivery 
Women Casual Loose Sundress Sleeveless Split Maxi Long Beach Shirt Dress Travel Vacation 2024 Summer Outfits,/ANRABESS-Sleeveless-Dresses-Pockets-A19heise-XL/dp/B07SKG34L1,https://m.media-amazon.com/images/I/51GttY7V2jL._MCnd_AC_UL320_.jpg,,"26,306",$34.99,Or fastest delivery 
Womens 2024 Summer V-Neck Drawstring Ruffle Cap Short Sleeve Side Pockets Mini Dress Sundress,/Dokotoo-Dresses-Sleeveless-Pockets-Lightweight/dp/B0CWLCFS91,https://m.media-amazon.com/images/I/61lUM-5815L._MCnd_AC_UL320_.jpg,,"1,720",$27.10,Or fastest delivery 
Womens Dresses 2024 Spring Summer Floral Print Split V Neck Ruffle Chiffon Elegant Mini Short Skirt Dress,/Dokotoo-Chiffon-Lantern-Elegant-Dresses/dp/B09XV1RJZ5,https://m.media-amazon.com/images/I/61leJAons9L._MCnd_AC_UL320_.jpg,,658,$33.96,Or fastest delivery 
Women's Wrap V Neck Short Flared Sleeve Wedding Guest Dress Smocked Elastic Waist Tiered Belted Ruffle Hem Mini Dress,/Dokotoo-Womens-Sleeve-Smocked-Elastic/dp/B0CMCQMRX2,https://m.media-amazon.com/images/I/61KGk4fQ4SL._MCnd_AC_UL320_.jpg,,239,$41.33,Or fastest delivery 
Womens Chiffon Dresses Flutter Sleeve Party Wedding Cocktail Dress Size 8-20,/GRACE-KARIN-Wedding-Dresses-Engagement/dp/B0CBTCVG33,https://m.media-amazon.com/images/I/51O0-+hvYiL._MCnd_AC_UL320_.jpg,,422,$56.99,Or fastest delivery 
Women's Flowy Casual Mini Dresses 2024 Summer Smocked V Neck Flutter Sleeve Ruffle Dress with Pockets,/LILLUSORY-Graduation-Smocked-Flutter-Dresses/dp/B0BYJ8XC27,https://m.media-amazon.com/images/I/61HFkbUAAeL._MCnd_AC_UL320_.jpg,,538,$49.99,Or fastest delivery 
Womens Summer Dresses 2024 Loose V Neck Sleeveless Sundresses Swimsuit Coverup with Pockets Floral/Plain/Eyelet,/Summer-Dresses-Sleeveless-Sundresses-Pockets/dp/B0CWVMVCC4,https://m.media-amazon.com/images/I/81qq7QlEjVL._MCnd_AC_UL320_.jpg,,177,$24.99,
2024 Women Summer High Low Dress Short Sleeve V Neck Tie Waist Flowy Ruffle Floral Maxi Dress with Pockets,/Ellakoko-Summer-Casual-Sleeve-Floral/dp/B0BSBF6WKN,https://m.media-amazon.com/images/I/814EyVcQnPL._MCnd_AC_UL320_.jpg,,132,$36.99,Or fastest delivery 
Women's Floral Wrap V-Neck Midi Dress Short Sleeve Boho Summer Beach Long Dress High Low Hem Smocked Dress Women,/PRETTYGARDEN-Womens-Smocked-Dresses-X-Large/dp/B09MRX8DSD,https://m.media-amazon.com/images/I/71CuECupt-L._MCnd_AC_UL320_.jpg,,"3,476",$44.98,Or fastest delivery 
,,,,,,
,,,,,,
,,,,,,
,,,,,,
Women's Summer Casual Sleeveless Midi Sundress Patchwork Knit High Neck Tank Top Racerback Flowy Dresses Pockets,/ANRABESS-Sleeveless-Sundress-Patchwork-Racerback/dp/B0CQS7JH2W,https://m.media-amazon.com/images/I/511R51vB29L._MCnd_AC_UL320_.jpg,,107,$24.99,Or fastest delivery 
Women's 2024 Summer Striped Knit Bodycon Midi Dress Square Neck Side Slit Tank Ribbed Sweater Dresses,/MEROKEETY-Sleeveless-Midi-Casual-Dresses/dp/B0CYZN8175,https://m.media-amazon.com/images/I/518BKizvZcL._MCnd_AC_UL320_.jpg,,165,$29.99,Or fastest delivery 
Women's 2024 Floral Boho Dress Wrap V Neck Short Sleeve Belted Ruffle Hem A-Line Flowy Maxi Dresses,/PRETTYGARDEN-Womens-Bohemian-Dresses-X-Large/dp/B09Y5MH14H,https://m.media-amazon.com/images/I/61xNZUI04dL._MCnd_AC_UL320_.jpg,,"12,376",$47.99,Or fastest delivery 
Womens 2024 Summer Dress Short Sleeve Square Neck Dresses Casual Beach Vacation A-Line Ruffle Sundress with Pockets,/Newshows-Dresses-Babydoll-Vacation-Sundress/dp/B0CP637Y6H,https://m.media-amazon.com/images/I/61KEAJAk7lL._MCnd_AC_UL320_.jpg,,92,$33.99,FREE delivery 
,,,,,,
Women‘s Floral Paisley Mini Dress Crew Neck Short Sleeve Belted Tie A Line Stripe Midi Summer Dresses,/CUPSHE-Belted-Sleeves-Dresses-Casual/dp/B0C7G1Q881,https://m.media-amazon.com/images/I/71iaLqKxkJL._MCnd_AC_UL320_.jpg,,191,$39.99,Or fastest delivery 
Women 2024 Summer Sleeveless Tank Dresses Crew Neck Slim Fit Short Casual Ruched Bodycon Party Club Mini Dress,/BTFBM-Womens-Stretchy-Bodycon-106Stripe/dp/B07T5RMNHJ,https://m.media-amazon.com/images/I/71YJplxMsWL._MCnd_AC_UL320_.jpg,,"41,645",$33.99,Or fastest delivery 
Women's Ruffle Hem Sleeveless Tank Dress Round Neck Casual Smock Summer Mini Dresses,/SOLY-HUX-Womens-Sleeveless-Dresses/dp/B0BWY8M3SR,https://m.media-amazon.com/images/I/71+rIMq-EWL._MCnd_AC_UL320_.jpg,,213,$38.99,Or fastest delivery 
Women Summer Casual Sleeveless Crewneck Sundress Aline Flowy Tiered Maxi Long Beach Dress Vacation Outfits,/ANRABESS-Sleeveless-Sundress-Pleated-499heise-M/dp/B09PRGCCRR,https://m.media-amazon.com/images/I/61ba1o3MUEL._MCnd_AC_UL320_.jpg,,"2,963",$33.99,Or fastest delivery 
Womens Summer Bodycon Maxi Tube Dress Ribbed Strapless Side Slit Long Going Out Casual Elegant Party Dresses,/PRETTYGARDEN-Bodycon-Strapless-Elegant-Dresses/dp/B0CN8WHD27,https://m.media-amazon.com/images/I/61dhAlnHw4L._MCnd_AC_UL320_.jpg,,678,$35.99,Or fastest delivery 
Women Summer Dresses Sleeveless Casual Loose Swing Button Down Midi Dress with Pockets,/MOLERANI-Womens-Summer-Dresses-Pockets/dp/B0CL6V5NNH,https://m.media-amazon.com/images/I/71Is0hKXZBL._MCnd_AC_UL320_.jpg,,"4,265",$19.99,FREE delivery 
Women's Summer Casual T-Shirt Vacation Dresses,/MOLERANI-Womens-Casual-Sleeve-T-Shirt/dp/B01NAUQD05,https://m.media-amazon.com/images/I/61AVKBsfR-L._MCnd_AC_UL320_.jpg,,"31,734",$19.89,Or fastest delivery 
Women's 2024 Boho Sexy Off Shoulder Long Sleeve Smocked High Waist Side Split Flowy A Line Tiered Long Maxi Dress,/ZESICA-Womens-Shoulder-Sleeve-Smocked/dp/B0C1NMVQHS,https://m.media-amazon.com/images/I/61OFGL9PE6L._MCnd_AC_UL320_.jpg,,"1,665",$59.99,Or fastest delivery 
Women's 2024 Summer Casual Boho Sundress Polka Dot Spaghetti Strap V Neck Flowy Midi Dresses,/BROVAVE-Womens-Sundress-Spaghetti-Dresses/dp/B08YYQ1B17,https://m.media-amazon.com/images/I/71ApSzw2NYL._MCnd_AC_UL320_.jpg,,"3,691",$35.09,Or fastest delivery 
Women's Ribbed Square Neck Color Block Pleated Mini Dress Short Sleeve A Line Knit Short Dresses,/ZESICA-Womens-Ribbed-Pleated-Dresses/dp/B0CYGN376T,https://m.media-amazon.com/images/I/71yvKh9AmfL._MCnd_AC_UL320_.jpg,,21,$36.99,Or fastest delivery 
Womens 2024 Summer Casual Sleeveless Smocked Ruffle Tulle Flowy Beach Sundress,/PRETTYGARDEN-Womens-Sleeveless-Smocked-Sundress/dp/B0CS31MFHT,https://m.media-amazon.com/images/I/71-r7TGbwGL._MCnd_AC_UL320_.jpg,,95,$52.99,Or fastest delivery 
Womens Summer Casual Tank Dress Sleeveless V Neck T Shirt Sundress Flowy Tiered Swing Mini Beach Vacation Dresses,/ANRABESS-Sleeveless-Sundress-Vacation-Dresses/dp/B0CSDPCJ8K,https://m.media-amazon.com/images/I/61CP8FnEfhL._MCnd_AC_UL320_.jpg,,88,$36.99,Or fastest delivery 
Women's Floral Print Chiffon A-Line Mini Dress Long Peasant Sleeves,/CUPSHE-Chiffon-Peasant-Sleeves-Elastic/dp/B0BCKPXFNW,https://m.media-amazon.com/images/I/71CwKwMLckL._MCnd_AC_UL320_.jpg,,"1,634",$44.99,Or fastest delivery 
Women's 2024 Bohemian Summer Floral Print One Shoulder Sleeveless Smocked Ruffle Tiered Beach Long Midi Dress,/ZESICA-Bohemian-Shoulder-Sleeveless-WhitePink/dp/B09XWW7QPV,https://m.media-amazon.com/images/I/81AMFXBpkfL._MCnd_AC_UL320_.jpg,,"2,331",$49.99,Or fastest delivery 
Womens Dresses 2024 Puff Sleeve Floral Casual Summer Dresses Smocked Backless Beach Flowy Tiered Maxi Dress,/PRETTYGARDEN-Sleeve-Dresses-Wedding-Smocked/dp/B0CPPLBL52,https://m.media-amazon.com/images/I/61tXJg4luuL._MCnd_AC_UL320_.jpg,,194,$49.98,Or fastest delivery 
,,,,,,
Women's 2024 Summer Casual Beach Dresses Crew Neck Short Sleeve Wrap Party Club Mini Ruched Bodycon T Shirt Dress,/BTFBM-Womens-Stretchy-Bodycon-104Black/dp/B07MNFL9VW,https://m.media-amazon.com/images/I/61wo2RgZS1L._MCnd_AC_UL320_.jpg,,"28,193",$32.99,Or fastest delivery 
Women's Summer Dresses 2024 Puff Sleeve Square Neck High Waist Smocked A-Line Flowy Loose Fit Midi Dress,/PRETTYGARDEN-Clothes-Wedding-Dresses-X-Large/dp/B0CP248WCC,https://m.media-amazon.com/images/I/71qcit97CiL._MCnd_AC_UL320_.jpg,,157,$52.99,Or fastest delivery 
Women's Casual A-Line Dress with Pockets Summer Beach Floral Tshirt Dress Short Sleeve Mini Dress Flowy Sundresses,/HOTOUCH-Womens-Summer-Sundresses-Pockets/dp/B0CM97RH5X,https://m.media-amazon.com/images/I/71RuFHpuGOL._MCnd_AC_UL320_.jpg,,275,$29.55,Or fastest delivery 
Summer Dresses for Women 2024 Short Sleeve V Neck Wrap Dress Casual Midi Sundresses,/MSBASIC-Womens-Casual-Dresses-Length/dp/B09NRGYCLH,https://m.media-amazon.com/images/I/71qJNH2K7zL._MCnd_AC_UL320_.jpg,,"1,904",$33.99,Or fastest delivery 
Womens Summer Casual Boho Floral Dresses V Neck Short Sleeve Sundresses Flowy Swing A-Line Mini Dress,/Dokotoo-Casual-Dresses-Bohemian-Sundresses/dp/B0CNV8FMTD,https://m.media-amazon.com/images/I/717J2NHsiML._MCnd_AC_UL320_.jpg,,89,$35.98,
Women Summer Casual Loose Sleeveless Sundress Spaghetti Strap Flowy Boho Linen Beach Vacation Maxi Long Dress 2024,/ANRABESS-Sleeveless-Spaghetti-Asymmetric-523bai-M/dp/B09VLM52P7,https://m.media-amazon.com/images/I/51Is7vMnkYL._MCnd_AC_UL320_.jpg,,"2,998",$42.99,Or fastest delivery 
Women's 2024 Summer Puff Sleeve Smocked Floral Dress Crewneck Lace Flowy Tiered Midi Dresses,/MEROKEETY-Crewneck-Smocked-Dress-Floral/dp/B0BNH7KN6H,https://m.media-amazon.com/images/I/715hQczJmsL._MCnd_AC_UL320_.jpg,,"2,250",$52.99,Or fastest delivery 
Women's Summer Short Sleeve V-Neck Floral Short Party Dress with Pockets,/OUGES-Womens-Summer-Pockets-FloralZ30-419/dp/B0C6T5GVFW,https://m.media-amazon.com/images/I/71V78ZWknPL._MCnd_AC_UL320_.jpg,,"29,581",$34.99,Or fastest delivery 
Womens Floral Summer Casual Flutter Sleeve Round Neck Smocked Waist Tiered Boho Flowy Maxi Dress,/PRETTYGARDEN-Womens-Summer-Flutter-Smocked/dp/B0BZNR7JKX,https://m.media-amazon.com/images/I/61XQIdZiqWL._MCnd_AC_UL320_.jpg,,"3,553",$42.99,Or fastest delivery 
Women's Summer Sleeveless Mini Dress 2024 Crewneck Knit A Line Pleated Swing Casual Basic Short Dress,/ZESICA-Womens-Sleeveless-Crewneck-Pleated/dp/B0CSCLLJHC,https://m.media-amazon.com/images/I/71x9TRSJAyL._MCnd_AC_UL320_.jpg,,117,$39.99,Or fastest delivery 
Women's 2024 Summer Swing Mini Dress Casual Spaghetti Straps Sleeveless Smocked Backless Flowy A Line Sundress,/ZESICA-Spaghetti-Sleeveless-Backless-Sundress/dp/B0CTH3SFST,https://m.media-amazon.com/images/I/61k-LkGOG+L._MCnd_AC_UL320_.jpg,,80,$33.99,Or fastest delivery 
Women's V Neck Elegant Party Dress Short Sleeve Skater Dress Wedding Guest Dresses,/Dokotoo-Womens-Sleeve-Casual-Dresses/dp/B0C6WTF6D6,https://m.media-amazon.com/images/I/51A1z9GFcEL._MCnd_AC_UL320_.jpg,,626,$47.87,Or fastest delivery 
Womens 2024 Summer V Neck Knit Midi Dress Bodycon Sleeveless Ribbed Sweater Dresses,/MEROKEETY-Womens-Sleeveless-Sweater-Dresses/dp/B0C6KRPMR4,https://m.media-amazon.com/images/I/71ExNAsrjuL._MCnd_AC_UL320_.jpg,,485,$39.99,Or fastest delivery 
Women's V Neck Ruffle Sleeve Summer Dress 2024 Split Flowy Tiered Midi Dress Wedding Guest Cocktail Dresses,/GRACE-KARIN-Dresses-Cocktail-Peacock/dp/B0C3H9VL2N,https://m.media-amazon.com/images/I/716FlITctSL._MCnd_AC_UL320_.jpg,,323,$49.99,Or fastest delivery 
Womens Puff Sleeve Square Neck A Line Flowy Boho Floral Smocked Dresses,/PRETTYGARDEN-Womens-Summer-Smocked-Dresses/dp/B0C488SF5G,https://m.media-amazon.com/images/I/61SRpINJ45L._MCnd_AC_UL320_.jpg,,847,$45.99,FREE delivery
Women's Summer Sleeveless Mini Dress Crewneck Button Kint Color Block Bodycon Party Short Dresses with Pockets,/ZESICA-Sleeveless-Crewneck-Bodycon-Dresses/dp/B0CWGWHFY3,https://m.media-amazon.com/images/I/71qc2vp+HVL._MCnd_AC_UL320_.jpg,,49,$28.99,Or fastest delivery 
Women's Summer Striped Short Sleeve T Shirt Dress Casual Tie Waist with Pockets,/MEROKEETY-Womens-Striped-Pockets-SolidNavy/dp/B087718458,https://m.media-amazon.com/images/I/61vU76I+n3L._MCnd_AC_UL320_.jpg,,"28,534",$36.99,Or fastest delivery 
Women's V Neck Smocked Short Sleeve Casual Dress Swiss Dot Swing Flowy Ruffle Hem Mini Beach Summer Dresses 2024,/BTFBM-Womens-Smocked-Sleeve-Dresses/dp/B0BQW83S6Z,https://m.media-amazon.com/images/I/71-TO9b4dVL._MCnd_AC_UL320_.jpg,,"2,593",$43.99,Or fastest delivery 
Women's Casual T Shirt Dress Summer Short Sleeve Swing Dresses with Pockets,/lionstill-Womens-Fashion-Dresses-Pockets/dp/B0CDFRRH8R,https://m.media-amazon.com/images/I/71BB5pO3L4L._MCnd_AC_UL320_.jpg,,155,$19.96,Or fastest delivery 
Women's Kari Ruffled-Shoulder Smocked Mini Dress,/Drop-Womens-Ruffled-Shoulder-Smocked-Tomato/dp/B0CNKK37P5,https://m.media-amazon.com/images/I/71uwCLZHyGL._MCnd_AC_UL320_.jpg,,4,$64.90,Or fastest delivery 
Women 2024 Summer Maxi Dress Casual Floral Halter Neck Beach Hawaiian Outfits Wedding Guest Dress,/KILIG-Womens-Summer-Pockets-Floral/dp/B082KX9MW1,https://m.media-amazon.com/images/I/71F4MPUdwGL._MCnd_AC_UL320_.jpg,,"4,904",$19.00,Or fastest delivery 
Women's Sleeveless Lace Floral Elegant Cocktail Dress Crew Neck Knee Length for Party,/MEROKEETY-Womens-Sleeveless-Elegant-Cocktail/dp/B072KQ6PK5,https://m.media-amazon.com/images/I/71qL0zxNkvL._MCnd_AC_UL320_.jpg,,"19,965",$52.99,Or fastest delivery 
Womens Summer Dress Lantern Sleeve Square Neck Tie Back Flowy A-Line Double Layer Hem Mini Dress,/ETCYY-NEW-Summer-Dresses-Pockets/dp/B0BYNRFKGR,https://m.media-amazon.com/images/I/61XK3w-LU3L._MCnd_AC_UL320_.jpg,,780,$35.98,Or fastest delivery 
Women's Vintage Ruffle Floral Flared A Line Swing Casual Cocktail Party Dresses,/YATHON-Vintage-Cocktail-Dresses-YT001-Black/dp/B07N4J1XNH,https://m.media-amazon.com/images/I/719A73iPGoL._MCnd_AC_UL320_.jpg,,"13,904",$15.98,Or fastest delivery 
V-Neck Floral Printed Summer A-Line Elegant Dresses Womens Vintage Sleeveless Beach Sundress Ladies Casual Loose Boho Dress,/Printed-Elegant-Dresses-Sleeveless-Sundress/dp/B0CQ3D2XFS,https://m.media-amazon.com/images/I/61kDX7RwuDL._MCnd_AC_UL320_.jpg,,381,$25.97,Or fastest delivery 
Women's Casual Short Sleeve Wrap Bodycon Ruched Tie Waist Summer Dress,/LILLUSORY-Womens-Crewneck-Bodycon-Dresses/dp/B08QFSF2YD,https://m.media-amazon.com/images/I/51E35iNkVpL._MCnd_AC_UL320_.jpg,,"10,565",$34.99,Or fastest delivery 
Women's Ruffle Beach Mini Dress Split V Neck A Line Sleeveless Geometric Stripe Tropical Leaf Pattern Summer Dresses,/CUPSHE-Sleeveless-Geometric-Pattern-Dresses/dp/B0CRBC28ZC,https://m.media-amazon.com/images/I/71lcFw-lpEL._MCnd_AC_UL320_.jpg,,52,$37.99,Or fastest delivery 
Womens Button Down Shirt Dress with Pockets Short Sleeve Loose Business Casual Summer Beach Tunics Dresses Tops,/ANRABESS-Fashion-Dresses-Pockets-A1351meihong-L/dp/B0CMCWTTDB,https://m.media-amazon.com/images/I/61esOasrZqL._MCnd_AC_UL320_.jpg,,120,$36.99,Or fastest delivery 
Women Summer Dresses Casual Sleeveless Maxi Dresses Cute Floral Long Dress Wedding Guest Dress,/BTFBM-Summer-Dresses-Sleeveless-Waisted/dp/B0CQR9V1KN,https://m.media-amazon.com/images/I/71pvJ03JYhL._MCnd_AC_UL320_.jpg,,181,$45.99,Or fastest delivery 
,,,,,,
,,,,,,
,,,,,,
,,,,,,
V-Neck Floral Printed Summer A-Line Elegant Dresses Womens Vintage Sleeveless Beach Sundress Ladies Casual Loose Boho Dress,/Printed-Elegant-Dresses-Sleeveless-Sundress/dp/B0CQ3D2XFS,https://m.media-amazon.com/images/I/61kDX7RwuDL._MCnd_AC_UL320_.jpg,,381,$25.97,Or fastest delivery 
Women's Casual Short Sleeve Wrap Bodycon Ruched Tie Waist Summer Dress,/LILLUSORY-Womens-Crewneck-Bodycon-Dresses/dp/B08QFSF2YD,https://m.media-amazon.com/images/I/51E35iNkVpL._MCnd_AC_UL320_.jpg,,"10,565",$34.99,Or fastest delivery 
Women's Ruffle Beach Mini Dress Split V Neck A Line Sleeveless Geometric Stripe Tropical Leaf Pattern Summer Dresses,/CUPSHE-Sleeveless-Geometric-Pattern-Dresses/dp/B0CRBC28ZC,https://m.media-amazon.com/images/I/71lcFw-lpEL._MCnd_AC_UL320_.jpg,,52,$37.99,Or fastest delivery 
Womens Button Down Shirt Dress with Pockets Short Sleeve Loose Business Casual Summer Beach Tunics Dresses Tops,/ANRABESS-Fashion-Dresses-Pockets-A1351meihong-L/dp/B0CMCWTTDB,https://m.media-amazon.com/images/I/61esOasrZqL._MCnd_AC_UL320_.jpg,,120,$36.99,Or fastest delivery 
,,,,,,
Women's 2024 Summer Short Sleeve Casual Midi Dresses V Neck Floral Sundress Faux Wrap Dress with Pockets,/Newshows-Womens-Summer-Sleeve-Pockets/dp/B09KT8M5RD,https://m.media-amazon.com/images/I/71tCnoKYjeL._MCnd_AC_UL320_.jpg,,"1,999",$32.99,Or fastest delivery 
Women Summer Dresses Casual Sleeveless Maxi Dresses Cute Floral Long Dress Wedding Guest Dress,/BTFBM-Summer-Dresses-Sleeveless-Waisted/dp/B0CQR9V1KN,https://m.media-amazon.com/images/I/71pvJ03JYhL._MCnd_AC_UL320_.jpg,,181,$45.99,Or fastest delivery 
Women's Summer Tie Strap Mini Dress Square Neck Smocked Sleeveless A Line Swing Elegant Cute Short Dresses,/ANRABESS-Smocked-Sleeveless-Elegant-Dresses/dp/B0CW389H4X,https://m.media-amazon.com/images/I/617yWXQ2z4L._MCnd_AC_UL320_.jpg,,75,$40.99,Or fastest delivery 
Women's Square Neck Striped Smocked Dress Ruffled Cap Sleeves Dress A Line Maxi Formal Dress,/CUPSHE-Striped-Smocked-Ruffled-Sleeves/dp/B0C1S8DBVT,https://m.media-amazon.com/images/I/71buR8+qPmL._MCnd_AC_UL320_.jpg,,51,$44.99,Or fastest delivery 
Womens Summer Sleeveless Striped T Shirt Dress Casual Crew Neck Tie Waist Mini Dresses,/MEROKEETY-Womens-Sleeveless-Striped-Dresses/dp/B09Q3J3Z3L,https://m.media-amazon.com/images/I/71c-Jym9pCL._MCnd_AC_UL320_.jpg,,"4,042",$28.89,Or fastest delivery 
Womens 2024 Summer Deep V Neck Knotted Tiered Chiffon Elegant Mini Short Swing Skater Dresses,/Dokotoo-Elegant-Patterned-Hawaiian-Multicolor/dp/B0BGPK72X3,https://m.media-amazon.com/images/I/61tJQxoAixL._MCnd_AC_UL320_.jpg,,"1,366",$41.99,Or fastest delivery 
Women's Casual Maxi Dresses with Pockets Ruffle Sleeve Smocked Dress XS-2XL,/OFEEFAN-Bridal-Shower-Dresses-Casual/dp/B0BY888ZKT,https://m.media-amazon.com/images/I/71v9HBc95EL._MCnd_AC_UL320_.jpg,,469,$41.99,Or fastest delivery 
Women's Makenna Strappy Cross-Front Smocked-Back Midi Dress,/Drop-Womens-Makenna-Strappy-Smocked/dp/B09NK85K8Q,https://m.media-amazon.com/images/I/61NRfzAqDxL._MCnd_AC_UL320_.jpg,,324,$59.90,FREE delivery 
Women's Summer Flutter Short Sleeve Smocked Midi Dress 2024 Casual High Waist Rickrack Tiered Flowy Dresses,/ZESICA-Flutter-Smocked-Rickrack-Dresses/dp/B0D2D5VRW6,https://m.media-amazon.com/images/I/61+pQ2ne45L._MCnd_AC_UL320_.jpg,,21,$46.99,Or fastest delivery 
Womens Casual Short Sleeve Side Split Button Down Long Kimonos Cardigans Swimsuit Cover Ups Summer Beach Dress,/Dokotoo-Kimonos-Cardigan-Bathing-Swimsuit/dp/B09N71SFF8,https://m.media-amazon.com/images/I/51PfOpQ7rGL._AC_UL320_.jpg,,"5,613",$23.68,
Womens Midi Summer V Neck Swiss Dot Ruffle Sleeveless A Line Beach Sun Dress,/PRETTYGARDEN-Womens-Summer-Dresses-Sleeveless/dp/B0CNPFR8FF,https://m.media-amazon.com/images/I/71ANDxcXxGL._MCnd_AC_UL320_.jpg,,"2,406",$46.99,Or fastest delivery 
Women Summer Dresses 2024 Spaghetti Strap Scoop Neck Smocked Ruffle Flowy Boho Maxi Dress,/Dokotoo-Dresses-Sleeveless-Spaghetti-Multicolor/dp/B0C14K4TW5,https://m.media-amazon.com/images/I/51PxeRU1YeL._MCnd_AC_UL320_.jpg,,403,$35.88,Or fastest delivery 
Spring Summer Dress for Women Casual Ruffle Short Sleeve Wrap V-Neck Dress with Pockets,/GRECERELLE-Dresses-Sleeve-Casual-Summer/dp/B09ZKQCJD1,https://m.media-amazon.com/images/I/71viyCKs6IL._MCnd_AC_UL320_.jpg,,"2,476",$30.99,Or fastest delivery 
Women's Casual Dresses Short Sleeve V-Neck Dress with Pockets,/Aloodor-Dresses-Women-Sleeve-Black/dp/B09N96WTRZ,https://m.media-amazon.com/images/I/61pmiIwqgRL._MCnd_AC_UL320_.jpg,,"4,532",$28.98,Or fastest delivery 
Summer Dresses for Women Casual Tshirt Short Sleeve Floral Sundress Beach Cover Ups with Pockets,/elescat-Cotton-Sleeve-Sundress-Fashion/dp/B0CLYLPHZ7,https://m.media-amazon.com/images/I/81BG3jbkmOL._MCnd_AC_UL320_.jpg,,"1,498",$19.99,Or fastest delivery 
,,,,,,
Women's Summer Sleeveless Boat Neck Mini Dress Slim Fit Party Club Bodycon Dresses,/WIHOLL-Sleeveless-Bodycon-Dresses-Graduation/dp/B0CXD33C2M,https://m.media-amazon.com/images/I/71YWbxQx0iL._MCnd_AC_UL320_.jpg,,78,$25.99,Or fastest delivery 
Women's 2024 Summer Boho Floral Dress Casual V Neck Short Flutter Sleeve Dress Flowy Pleated Beach Dress,/GRACE-KARIN-Womens-Bohemian-Elegant/dp/B0CPLN9FPM,https://m.media-amazon.com/images/I/71A8kyZ3yWL._MCnd_AC_UL320_.jpg,,60,$49.99,Or fastest delivery 
Women's 2024 Boho Summer One Shoulder Sleeveless Ruffle Tiered Layered Chiffon Pleated A Line Flowy Mini Dress,/ZESICA-Shoulder-Sleeveless-Layered-Chiffon/dp/B0BTYMY2B3,https://m.media-amazon.com/images/I/7104ha2OPOL._MCnd_AC_UL320_.jpg,,478,$37.99,Or fastest delivery 
Women's Maxi Dress V Neck Twisted Sleeveless Cutout Self Tie Long Dress Summer Formal Dress,/CUPSHE-Womens-Knotted-Floral-Sleeveless/dp/B0CPF7Q2H4,https://m.media-amazon.com/images/I/71uiexwLN4L._MCnd_AC_UL320_.jpg,,103,$47.99,Or fastest delivery 
Womens Loose Fit Casual Summer V Neck Half Sleeve Bohemian Geometric Pattern Maxi Long Dresses,/miduo-Bohemian-Geometric-Diamond-Pattern/dp/B0BL34P8FT,https://m.media-amazon.com/images/I/71hVp8Gng0L._MCnd_AC_UL320_.jpg,,911,$42.99,Or fastest delivery 
Women's Summer Dress Square Neck Short Sleeves Crossover Waist Casual Party Mini Dress,/Shy-Velvet-Womens-Sleeves-Crossover/dp/B0B134KWXR,https://m.media-amazon.com/images/I/61dARUQxfIL._MCnd_AC_UL320_.jpg,,"2,564",$38.99,Or fastest delivery 
Women's Casual Sleeveless Bodycon Beach Tank Ruched Mini Dresses,/LILLUSORY-Sleeveless-Crewneck-Bodycon-Dresses/dp/B08TR95MQ1,https://m.media-amazon.com/images/I/512-G5Zf2XL._MCnd_AC_UL320_.jpg,,"12,794",$24.99,Or fastest delivery 
Womens Casual Sleeveless Strap Loose Adjustable Jumpsuits Stretchy Long Pants Romper with Pockets,/snugwind-Sleeveless-Adjustable-Jumpsuits-Stretchy/dp/B09265QB2B,https://m.media-amazon.com/images/I/51QXXNs5Z9S._AC_UL320_.jpg,,"7,245",$27.99,Or fastest delivery 
Women's One Shoulder Maxi Dress Sleeveless Casual Summer Layered Ruffle Boho Floral Print Party Beach A-Line Dresses,/BTFBM-Shoulder-Sleeveless-Layered-Multicolored/dp/B0BL96Z1G2,https://m.media-amazon.com/images/I/81QlMtgEWpL._MCnd_AC_UL320_.jpg,,649,$19.99,Or fastest delivery 
Womens Summer Dresses 2024 Floral Smocked Short Sleeve Empire Waist Cute Babydoll Swiss Dot Beach Mini Dress,/Ellakoko-Dresses-Smocked-Babydoll-Apricot/dp/B0BWLPXYL4,https://m.media-amazon.com/images/I/91ZHUQhz7IL._MCnd_AC_UL320_.jpg,,95,$18.49,Or fastest delivery 
Women's Collar V Neck Button Down Pleated Long Sleeve Mini Shirt Dress with Belt,/LYANER-Womens-Collar-Button-Pleated/dp/B0BPM6TPD7,https://m.media-amazon.com/images/I/71RQy1hExuL._MCnd_AC_UL320_.jpg,,943,$47.99,Or fastest delivery 
Womens 2024 Summer Spaghetti Strap Sleeveless Knit Tight Fitted Dresses,/PRETTYGARDEN-Bodycon-Spaghetti-Sleeveless-Dresses/dp/B0CT8BK2GZ,https://m.media-amazon.com/images/I/611TxdT41-L._MCnd_AC_UL320_.jpg,,65,$38.99,FREE delivery 
Women's 2024 Summer Crossover Halter Neck Sleeveless Plaid Cut Out Backless Flowy A Line Maxi Dress,/ZESICA-Crossover-Sleeveless-Backless-BluishViolet/dp/B09T98LCDP,https://m.media-amazon.com/images/I/814exWkULwL._MCnd_AC_UL320_.jpg,,"2,140",$59.99,Or fastest delivery 
Women 2023 Mini Dresses Summer Casual Ruffle Short Sleeve Cute Crew Neck Flowy Dress with Pockets,/DB-MOON-Dresses-Summer-Pockets/dp/B0BXXZP22K,https://m.media-amazon.com/images/I/51XVGheNsQL._MCnd_AC_UL320_.jpg,,553,$19.99,Or fastest delivery 
Summer Dresses for Women 2024 Casual T Shirt Crewneck Petal Sleeve Swing Vacation Dress with Pockets,/MOLERANI-Fitting-Dresses-Crewneck-Sundress/dp/B0CMTP8VQL,https://m.media-amazon.com/images/I/81TTN67+cSL._MCnd_AC_UL320_.jpg,,85,$19.99,
Womens Swiss Dot Pleated A Line Casual Flowy Party Midi Dress,/PRETTYGARDEN-Dresses-Pleated-Wedding-X-Large/dp/B0CPLK37N7,https://m.media-amazon.com/images/I/71AHIBv9ssL._MCnd_AC_UL320_.jpg,,194,$49.99,Or fastest delivery 
Womens 2024 Summer Ruffle Short Sleeve Sundress V Neck Tunic Dress Casual Loose Flowy Swing Shift Dress Mini Dress,/Dokotoo-Sundress-Dresses-Holiday-Graduation/dp/B0CN5HY5JC,https://m.media-amazon.com/images/I/61BgQGfmFvL._MCnd_AC_UL320_.jpg,,74,$36.99,Or fastest delivery 
Grace Karin Womens 50s 60s Vintage Pencil Dress Bodycon Cap Sleeve Dress,/GRACE-KARIN-Sleeve-Pencil-Business/dp/B0CYZLRZ9S,https://m.media-amazon.com/images/I/51YPrYxttpL._MCnd_AC_UL320_.jpg,,"13,519",$42.99,Or fastest delivery 
Women Casual Summer Dresses 2024 Spring Crew Neck Ruffle Short Sleeve Floral Print Smocked Boho Flowy Maxi Dress,/BTFBM-Casual-Dresses-Leopard-Smocked/dp/B0BYRRXJD7,https://m.media-amazon.com/images/I/61DpppA2DWL._MCnd_AC_UL320_.jpg,,"3,405",$48.99,Or fastest delivery 
Womens Floral Summer Casual Flutter Short Sleeve Crew Neck Smocked Tiered Long Dresses,/PRETTYGARDEN-Flutter-Smocked-Wedding-X-Large/dp/B0BLNSRN1H,https://m.media-amazon.com/images/I/71mwXC1W4qL._MCnd_AC_UL320_.jpg,,689,$44.98,Or fastest delivery 
Womens Knit Side Slit Striped Long Tank Dress,/PRETTYGARDEN-Bodycon-Sundresses-Sleeveless-Striped/dp/B0CNK2X8VW,https://m.media-amazon.com/images/I/71QMCW+8CcL._MCnd_AC_UL320_.jpg,,311,$49.99,Or fastest delivery 
Womens Boho Swiss Dot Maxi Dresses Wrap V Neck Flutter Short Sleeve Solid Tie Belt A Line Tiered Flowy Long Dresses,/MASCOMODA-Dresses-Flutter-Wedding-X-Large/dp/B0BKSJYXGX,https://m.media-amazon.com/images/I/61tIjXb9QZL._MCnd_AC_UL320_.jpg,,"1,702",$46.89,Or fastest delivery 
Womens Floral Summer Sleeveless Halter Neck Flowy Ruffle Hem Long Boho Dresses With Belt,/PRETTYGARDEN-Sleeveless-Dresses-Z-Black-X-Large/dp/B0B1PLP9F6,https://m.media-amazon.com/images/I/61dNbnjXtHL._MCnd_AC_UL320_.jpg,,"2,646",$50.99,Or fastest delivery 
Womens 2024 Summer Short Sleeve V Neck Ruffle Floral Swing A Line Short Dress,/PRETTYGARDEN-Summer-Sleeve-Ruffle-Dresses/dp/B0BYD2XZJ2,https://m.media-amazon.com/images/I/71J1+fQRGHL._MCnd_AC_UL320_.jpg,,"2,622",$14.99,
Womens Summer Dresses 2024 Sleeveless Spaghetti Strap Button Down Smocked Beach Long Maxi Dress with Pockets,/Dokotoo-Dresses-Sleeveless-Spaghetti-Sundresses/dp/B0D2HQ5RWD,https://m.media-amazon.com/images/I/61BZW5ft6nL._MCnd_AC_UL320_.jpg,,143,$39.98,FREE delivery
Women's Casual Print Button Front Maxi Shirt Dress,/Kuraki-Womens-Casual-Button-XL/dp/B08DR6WCL3,https://m.media-amazon.com/images/I/612oF+ejibL._MCnd_AC_UL320_.jpg,,"3,175",$38.69,Or fastest delivery 
Womens 2024 Casual Short Sleeve Bow Tie V Neck Ruffle Midi Flowy Dresses,/PRETTYGARDEN-Summer-Casual-Sleeve-Dresses/dp/B0CQZT3T5W,https://m.media-amazon.com/images/I/71WTEc16FrL._MCnd_AC_UL320_.jpg,,203,$62.99,Or fastest delivery 
Women's Summer Bodycon Tie Dye Dress Sleeveless Crew Neck Mesh Cocktail Party Maxi Dresses,/MEROKEETY-Summer-Bodycon-Tie-Dress/dp/B0CQFJS49Z,https://m.media-amazon.com/images/I/61xahWhN8lL._MCnd_AC_UL320_.jpg,,64,$39.99,FREE delivery 
Women Maxi Summer Dresses 2024 Short Sleeve V Neck Boho Floral Print Belted High Low Ruffle Cocktail Party Dress,/BTFBM-Dresses-Cocktail-Leopard-XX-Large/dp/B0BQWJ7GML,https://m.media-amazon.com/images/I/71Y0spzRYVL._MCnd_AC_UL320_.jpg,,459,$48.99,Or fastest delivery 
,,,,,,
,,,,,,
,,,,,,
,,,,,,
Women Maxi Summer Dresses 2024 Short Sleeve V Neck Boho Floral Print Belted High Low Ruffle Cocktail Party Dress,/BTFBM-Dresses-Cocktail-Leopard-XX-Large/dp/B0BQWJ7GML,https://m.media-amazon.com/images/I/71Y0spzRYVL._MCnd_AC_UL320_.jpg,,459,$48.99,Or fastest delivery 
Women's Summer Dresses Spring Sundresses Beach Clothes Outfit Vacation 2024 V Neck Casual Tropical Resort Hawaiian,/VOTEPRETTY-Sundress-Spaghetti-Dresses-Pockets/dp/B082MZ27LP,https://m.media-amazon.com/images/I/61oDlGE3GHL._MCnd_AC_UL320_.jpg,,"12,448",$24.99,Or fastest delivery 
Women Short Sleeve Loose Plain Casual Long Maxi Dresses with Pockets,/AUSELILY-Sleeve-Casual-Dresses-Pockets/dp/B07Q2GJ88J,https://m.media-amazon.com/images/I/71ZWEWvup9S._MCnd_AC_UL320_.jpg,,"36,079",$36.99,Or fastest delivery 
Women's Cap Sleeve Rib Knit Maxi Dress Crew Neck Slim Fit Bodycon Summer Sweater Dresses,/MEROKEETY-Dress-Slim-Summer-Sweater/dp/B0CSSYDCJ5,https://m.media-amazon.com/images/I/513xEyLhskL._MCnd_AC_UL320_.jpg,,58,$40.99,Or fastest delivery 
,,,,,,
Womens Long Sleeveless Halter Neck Flowy Pleated Maxi Cocktail Party Dress,/PRETTYGARDEN-Dresses-Sleeveless-Pleated-Cocktail/dp/B0BQ92VCD3,https://m.media-amazon.com/images/I/61mhy7uK5XL._MCnd_AC_UL320_.jpg,,747,$19.99,Or fastest delivery 
Women Boho Maxi Dresses 2024 V Neck Long Puff Sleeve Smocked Ruffle Flowy Casual Dress,/Dokotoo-Spring-Fashion-Floral-Dresses/dp/B0CKZ2Y44V,https://m.media-amazon.com/images/I/7119VtioGNL._MCnd_AC_UL320_.jpg,,382,$39.88,
Womens Short Puff Sleeve Casual A Line Ruffle Summer Dress,/PRETTYGARDEN-Shoulder-Babydoll-Dresses-Turmeric/dp/B0BYHGXPZL,https://m.media-amazon.com/images/I/912HgeZ8yzL._MCnd_AC_UL320_.jpg,,678,$14.99,Or fastest delivery 
Womens Summer Wrap V Neck Split Party Dress Ruffle Short Sleeve Midi Dress With Belt,/PRETTYGARDEN-Womens-Flutter-Holiday-Dresses/dp/B0BQ6JZWQ7,https://m.media-amazon.com/images/I/511NdQDdV6L._MCnd_AC_UL320_.jpg,,"1,555",$52.98,Or fastest delivery 
Women's 2024 Summer Square Neck Short Puff Sleeve Solid Color High Waist Casual Smocked Flowy A Line Tiered Midi Dress,/ZESICA-Womens-Summer-Square-Smocked/dp/B0BG5QPKP2,https://m.media-amazon.com/images/I/61diKoqKh4L._MCnd_AC_UL320_.jpg,,994,$52.99,Or fastest delivery 
Women Summer Floral Ruffle Sleeve Wear to Work Church Wedding Guest Party Dresses,/Womens-Black-Polka-Floral-Dresses/dp/B07XDDHKXY,https://m.media-amazon.com/images/I/61Oe252IkvL._MCnd_AC_UL320_.jpg,,"6,382",$26.89,Or fastest delivery 
Womens Trimmed Short Sleeve V Neck Tie Front Flowy Dress,/PRETTYGARDEN-Womens-Casual-Dresses-Trimmed/dp/B0BVLWX9KX,https://m.media-amazon.com/images/I/71zBHCjA+LL._MCnd_AC_UL320_.jpg,,438,$14.99,Or fastest delivery 
Midi Dresses for Women Short Sleeve Smocked Elastic Waist Tiered Dresses Trendy Dresses for Women 2024,/Lightning-Deals-Prime-Dresses-Teacher/dp/B0D44JQ1ZM,https://m.media-amazon.com/images/I/61T+vpvvIwL._AC_UL320_.jpg,,2,$12.99,Or fastest delivery 
Summer Dress for Women Chiffon Blouses Skirt Spaghetti Sleeveless Tops Halter Ruffle Romper Sun Flowy Summer Outfits,/Chiffon-Blouses-Spaghetti-Sleeveless-Outfits/dp/B09NRLD16T,https://m.media-amazon.com/images/I/71HPXY4BGNL._MCnd_AC_UL320_.jpg,,"3,109",$44.98,Or fastest delivery 
Women's Summer Striped Maxi Dress 2024 Casual Short Sleeve V Neck Loose Knitted Side Slit Long Sweater Dresses,/ZESICA-Striped-Knitted-Sweater-Dresses/dp/B0D1MZH9FM,https://m.media-amazon.com/images/I/814r+28a0rL._MCnd_AC_UL320_.jpg,,19,$35.99,Or fastest delivery 
Women's 2024 Summer Boho Floral Print Square Neck Ruffle Swing Beach Long Maxi Dress,/ZESICA-Womens-Summer-Floral-Square/dp/B08RDCGX5Y,https://m.media-amazon.com/images/I/71hn0RO2saL._MCnd_AC_UL320_.jpg,,"3,743",$54.99,Or fastest delivery 
Women's Plus Size Dresses Casual Loose Pocket Short Sleeve Slits Plus Size Long Maxi Dress XL-5X,/Summer-Dresses-Women-Floral-Vacation/dp/B07V3VJ814,https://m.media-amazon.com/images/I/71iwMe--q3L._MCnd_AC_UL320_.jpg,,"12,590",$36.85,Or fastest delivery 
Womens 2024 Summer Sleeveless Halter Maxi Dress Pleated Tiered Swing Beach Long Dresses Sundress,/HAEOF-Sleeveless-Pleated-Dresses-Sundress/dp/B0BJVP1BM1,https://m.media-amazon.com/images/I/61Kigcgb8tL._MCnd_AC_UL320_.jpg,,667,$43.99,Or fastest delivery 
Women's Summer Casual Flutter Short Sleeve Crew Neck Solid Color Smocked Tiered A Line Flowy Beach Midi Dress,/ZESICA-Womens-Summer-Flutter-Smocked/dp/B0CL4V3B9Y,https://m.media-amazon.com/images/I/71y6JmqodcL._MCnd_AC_UL320_.jpg,,84,$43.99,Or fastest delivery 
Casual Dresses for Women 2024 Cute Summer Floral Fit and Flare Cap Sleeve A Line Knee Length Dress with Pocket,/YATHON-Womens-Dresses-Wedding-YT227-Black/dp/B0CT7NQV89,https://m.media-amazon.com/images/I/714+XKsKv3L._MCnd_AC_UL320_.jpg,,72,$32.95,Or fastest delivery 
,,,,,,
Women 2024 Button Down Ruched Shirt Dresses Short Sleeve Lapel V Neck Elegant Party Spring Summer Maxi Satin Dress,/BTFBM-Button-Ruched-Dresses-Elegant/dp/B0BKRFH3GN,https://m.media-amazon.com/images/I/61UL1dUHSfL._MCnd_AC_UL320_.jpg,,"1,900",$52.99,Or fastest delivery 
Womens 2024 Summer Midi Dress Sleeveless One Shoulder Cutout Side Slit Bodycon Dresses,/PRETTYGARDEN-Sleeveless-Shoulder-Bodycon-Dresses/dp/B0BYD6D7CV,https://m.media-amazon.com/images/I/61I64BbIuiL._MCnd_AC_UL320_.jpg,,244,$19.99,Or fastest delivery 
Women Spaghetti Strap Midi Satin Dresses Tie Front Backless Split Hollow Dress,/Spaghetti-Dresses-Backless-Sundress-Cocktail/dp/B097JGTXX6,https://m.media-amazon.com/images/I/71OSyAdnM4L._MCnd_AC_UL320_.jpg,,"4,242",$47.99,Or fastest delivery 
Womens Summer Spring V Neck Ruffle Chiffon Elegant Empire Waist Mini Short Swing Skater Dresses,/Dokotoo-Womens-Summer-Lantern-Pockets/dp/B0BQR4SBSQ,https://m.media-amazon.com/images/I/51yQUauI3TL._MCnd_AC_UL320_.jpg,,847,$36.88,FREE delivery 
Women Boho Summer Dress 2024 Frill Short Sleeve Tassel V Neck Ruffle Flowy A-Line Maxi Dresses,/Dokotoo-Dresses-Hawaiian-Vacation-XX-Large/dp/B0CXHXFX3M,https://m.media-amazon.com/images/I/61hycz1PxDL._MCnd_AC_UL320_.jpg,,114,$34.88,Or fastest delivery 
Women's Summer Sleeveless Striped Flowy Casual Long Maxi Dress with Pockets,/Hount-Striped-Dresses-Sleeveless-Sundresses/dp/B07D27KX4R,https://m.media-amazon.com/images/I/61TSwjSlvRL._MCnd_AC_UL320_.jpg,,"18,195",$35.98,Or fastest delivery 
Women's Classic Cap Sleeve Wrap Dress (Available in Plus Size),/Amazon-Essentials-Womens-Classic-Sleeve/dp/B09H2X6LNM,https://m.media-amazon.com/images/I/61KXLhSYJ0L._MCnd_AC_UL320_.jpg,,"2,199",$36.10,FREE delivery 
Womens Loose Fit Striped Tunic Dress,/PRETTYGARDEN-Sleeveless-Striped-Dresses-Apricot/dp/B0CNSJTBBJ,https://m.media-amazon.com/images/I/7108MdLw6cL._MCnd_AC_UL320_.jpg,,79,$18.99,
Women's Summer Hollow Out Halter Dresses Casual Sleeveless A-Line Tiered Swing Sundress Beach Vacation Mini Dress,/BTFBM-Sleeveless-Halter-Dresses-Sundress/dp/B0CN4KM1PT,https://m.media-amazon.com/images/I/61tlzoGwjjL._MCnd_AC_UL320_.jpg,,375,$38.99,FREE delivery 
Women's Mini Dress Floral Twisted V Neck Sleeveless Short Dress Pleated Self Tie Back Mini Dress,/CUPSHE-Womens-Twisted-Sleeveless-Pleated/dp/B0CW9WK33L,https://m.media-amazon.com/images/I/71y6ufhfVmL._MCnd_AC_UL320_.jpg,,9,$37.99,
Women's 2024 Boho Summer One Shoulder Short Sleeve Smocked Side Split Ruffle Swing Midi Dress,/ZESICA-Womens-Summer-Shoulder-Smocked/dp/B0BGLQ24JM,https://m.media-amazon.com/images/I/61dFyGMOLgL._MCnd_AC_UL320_.jpg,,776,$45.99,Or fastest delivery 
Women Short Sleeve V Neck Swiss Dot Midi Summer Dresses 2024 Boho Ruffle Long Dresses Ruffle Wedding Guest Dress,/BTFBM-Elegant-Dresses-Cocktail-Dress%EF%BC%88Solid/dp/B0BTVS4DV6,https://m.media-amazon.com/images/I/71rOC4RClLL._MCnd_AC_UL320_.jpg,,609,$32.99,Or fastest delivery 
Women's Summer Tie One Shoulder Boho Floral Dress Elastic Waist Tiered Ruffle A Line Flowy Mini Dresses,/PRETTYGARDEN-Shoulder-Elastic-Dresses-X-Large/dp/B09VKVLDZ6,https://m.media-amazon.com/images/I/81SXCrek0TL._MCnd_AC_UL320_.jpg,,"1,623",$14.99,Or fastest delivery 
Women's Summer Sleeveless Striped T Shirt Tank Midi Dress Casual Scoop Neck Bodycon Dresses,/MEROKEETY-Dresses-Vacation-Elegant-Dress/dp/B0CT5PN3K4,https://m.media-amazon.com/images/I/712ndOJ1MFL._MCnd_AC_UL320_.jpg,,38,$38.99,Or fastest delivery 
Womens Vacation Dress 2024 Summer Chiffon Flowy Strapless Tube Dress,/GRACE-KARIN-Vacation-Chiffon-Strapless/dp/B0CRRKCHC5,https://m.media-amazon.com/images/I/51cmx2SUssL._MCnd_AC_UL320_.jpg,,8,$14.99,
Womens 2024 Summer Sleeveless Spaghetti Strap Long Floral Maxi Dress Boho A Line Beach Sundresses,/PRETTYGARDEN-Dresses-Striped-Sleeveless-Spaghetti/dp/B0CR6G664S,https://m.media-amazon.com/images/I/81l-Sz76ftL._MCnd_AC_UL320_.jpg,,125,$46.99,Or fastest delivery 
Women’s 2024 Summer Casual Maxi Dress Flutter Sleeve Scoop Neck Smocked Tiered A Line Flowy Beach Long Sun Dresses,/ANRABESS-Flutter-Smocked-Dresses-X-Large/dp/B0CNSZN836,https://m.media-amazon.com/images/I/71eeMUZrBdL._MCnd_AC_UL320_.jpg,,119,$32.39,Or fastest delivery 
Women's 2024 Summer Short Sleeve Maxi Dress V Neck Split Loose Casual Beach Long Dresses,/MEROKEETY-Summer-Short-Sleeve-Dress/dp/B0CYLDSZKG,https://m.media-amazon.com/images/I/51uY3UHB5WL._MCnd_AC_UL320_.jpg,,42,$28.99,
Women's Mini Dress V Neck Flutter Sleeve Cotton Self Tie Back A Line Short Summer Cover Up Dress,/CUPSHE-Womens-Flutter-Sleeve-Cotton/dp/B0CYZZ8748,https://m.media-amazon.com/images/I/71J-GbskT8L._MCnd_AC_UL320_.jpg,,4,$39.99,Or fastest delivery 
Womens 2024 Summer Casual Mini Dress Square Neck Puff Sleeve Boho Beach Cover Up Vacation Short Dress,/ANRABESS-Womens-Summer-Vacation-MLA-38-A1335-hongse-L/dp/B0CMKZPBSH,https://m.media-amazon.com/images/I/61exwKFpQoL._MCnd_AC_UL320_.jpg,,82,$35.99,Or fastest delivery 
Women's Summer Casual Short Sleeve V-Neck Short Party Dress with Pockets,/LILBETTER-Womens-Summer-Casual-Pockets/dp/B08Q7W3KPL,https://m.media-amazon.com/images/I/61mE4o9OPVL._MCnd_AC_UL320_.jpg,,"5,870",$29.99,Or fastest delivery 
Women Summer Casual Striped Dress Sleeveless Halter Strap Flowy Boho Dress with Pockets,/Summer-Casual-Striped-Sleeveless-Pockets/dp/B0BX35XQJM,https://m.media-amazon.com/images/I/518nzpnbvUL._MCnd_AC_UL320_.jpg,,"1,885",$27.98,Or fastest delivery 
Womens Summer Tunic Dress Casual Loose Short Sleeve Crew Neck Flowy Swing Mini Shift Dresses,/Dokotoo-Sundress-Fashion-Babydoll-Dresses/dp/B0CPYCBZWW,https://m.media-amazon.com/images/I/614z7TzAXwL._MCnd_AC_UL320_.jpg,,171,$27.99,Or fastest delivery 
Womens Summer Off The Shoulder Ruched Bodycon Dresses Sleeveless Fitted Party Club Midi,/PRETTYGARDEN-Shoulder-Bodycon-Dresses-Sleeveless/dp/B0BYHKWBDJ,https://m.media-amazon.com/images/I/71QPg2YJGkL._MCnd_AC_UL320_.jpg,,"1,244",$52.87,Or fastest delivery 
Womens V Neck Floral Mini Dress Long Sleeve A Line Surplice,/CUPSHE-Womens-Floral-Surplice-Multicoloured/dp/B0BCF2M642,https://m.media-amazon.com/images/I/81Q2Q0b8PAL._MCnd_AC_UL320_.jpg,,614,$39.99,Or fastest delivery 
Women's Summer Casual V Neck Ruffle Sleeve Smocked High Waist Midi Dress with Pockets,/MEROKEETY-Womens-Flutter-Smocked-Lightblue/dp/B0C5T134KN,https://m.media-amazon.com/images/I/51z0q4N04qL._MCnd_AC_UL320_.jpg,,"1,180",$47.99,Or fastest delivery 
Women's One Shoulder Ruched Bodycon Dress 2024 Summer Cutout Slit Wrap Party Cocktail Midi Dresses,/PRETTYGARDEN-Shoulder-Bodycon-Cocktail-Dresses/dp/B0BPKYR7WK,https://m.media-amazon.com/images/I/51g6cukLasL._MCnd_AC_UL320_.jpg,,"2,333",$43.19,Or fastest delivery 
Womens 2024 Summer Casual Cap Sleeve V Neck Tiered Ruffle Swing A Line Dresses,/PRETTYGARDEN-Womens-Summer-Dresses-X-Large/dp/B0CSFLL3VY,https://m.media-amazon.com/images/I/814nYWM2RuL._MCnd_AC_UL320_.jpg,,49,$39.99,Or fastest delivery 
Womens Summer Dresses 2024 Crewneck Short Sleeve Waist Tie Ruffle Casual Chiffon A-Line Swing Mini Dress,/Dokotoo-Sundresses-Dresses-Crewneck-Graduation/dp/B0CPS3MN3C,https://m.media-amazon.com/images/I/61NmyhxoZOL._MCnd_AC_UL320_.jpg,,94,$38.98,Or fastest delivery 
,,,,,,
,,,,,,
,,,,,,
,,,,,,
Women's Square Neck Ruffle Split Midi Elegant Formal Wedding Guest Cocktail Bridesmaid Graduation Party Dresses 2024,/ANRABESS-Bridesmaid-Cocktail-Gradution-893heise-XL/dp/B0BVVQ9ZM9,https://m.media-amazon.com/images/I/51zbeDFdPYL._MCnd_AC_UL320_.jpg,,"1,248",$49.99,Or fastest delivery 
Women's Boho Mini Dress: Summer Floral 3/4 Long Sleeve V Neck Flowy Loose Casual Beach Dresses,/TEMOFON-Womens-Summer-Floral-Dresses/dp/B09P3RW4YW,https://m.media-amazon.com/images/I/819L7hw6dRL._MCnd_AC_UL320_.jpg,,"2,228",$40.99,Or fastest delivery 
Womens Summer Dress Long Dress Casual Loose Maxi Dresses Beach Outfit 2024 Resort Hawaiian,/Dokotoo-Vacation-Outfits-Fashion-T-Shirt/dp/B0CWH8HJDX,https://m.media-amazon.com/images/I/51BuRFD+t-L._MCnd_AC_UL320_.jpg,,124,$26.99,Or fastest delivery 
Casual Summer T Shirt Dress for Women V Neck Swing Elastic Tunic Short Sundress with Pockets,/Atizon-Casual-Elastic-Sundress-Pockets/dp/B093SXFZ4V,https://m.media-amazon.com/images/I/51zPhhgNV4L._MCnd_AC_UL320_.jpg,,"4,036",$29.99,Or fastest delivery 
,,,,,,
Women's Casual Loose Bohemian Floral Dresses 2024 Long Puff Sleeve V Neck Ruffle A Line Flowy Summer Beach Dress,/Dokotoo-Dresses-Evening-Cocktail-Holiday/dp/B0CPLQLP67,https://m.media-amazon.com/images/I/61eyH3tyd9L._MCnd_AC_UL320_.jpg,,159,$41.88,Or fastest delivery 
Women Summer Tunic Dress V Neck Casual Loose Flowy Swing Shift Dresses,/Amoretu-Womens-Dresses-Sleeve-Casual/dp/B07PW6YBRL,https://m.media-amazon.com/images/I/71M4DeVQrLL._MCnd_AC_UL320_.jpg,,"56,867",$38.96,Or fastest delivery 
Women's Summer Casual Loose Short Sleeve Long T Shirt Dress Split Maxi Beach Sundress Travel Vacation Outfits,/ANRABESS-Rainbow-Hawaiian-Dresses-222-walanyinzi-M/dp/B09WH4WYMM,https://m.media-amazon.com/images/I/51cmGVnDCPL._MCnd_AC_UL320_.jpg,,"8,779",$34.99,Or fastest delivery 
Womens Strapless Dresses Casual Summer High Waist Side Split Flowy Boho Maxi Dress,/Dokotoo-Floral-Strapless-Shoulder-Dresses/dp/B0BPB4PLYR,https://m.media-amazon.com/images/I/51ijtqjsq9L._MCnd_AC_UL320_.jpg,,186,$39.88,Or fastest delivery 
Womens Ruffle Hem Mermaid Formal Cocktail Dress,/PRETTYGARDEN-Elegant-Sleeveless-Backless-Cocktail/dp/B09Y5G2MKL,https://m.media-amazon.com/images/I/61ctFAJzt9L._MCnd_AC_UL320_.jpg,,"1,635",$51.99,Or fastest delivery 
Womens Cap Sleeve V Neck Smocked Beach Sundress,/PRETTYGARDEN-Womens-Summer-Smocked-Sundress/dp/B0CQQBSC7P,https://m.media-amazon.com/images/I/6183DIy6-ZL._MCnd_AC_UL320_.jpg,,208,$49.99,FREE delivery 
Women's 2024 Summer Casual T Shirt Dress Short Sleeve Scoop Neck Flowy Tiered Beach Midi Dresses with Pockets,/ZESICA-Womens-Dresses-Pockets-Watermelon/dp/B0CWGPTPY9,https://m.media-amazon.com/images/I/71Hx3mfYyRL._MCnd_AC_UL320_.jpg,,69,$32.29,Or fastest delivery 
Womens Summer Dresses 2024 Boho Floral Drawstring V Neck Chiffon Lantern Sleeve Casual Beach Mini Dress Sundress,/Dokotoo-Sundresses-Drawstring-Babydoll-Swimsuit/dp/B0CQRCJSTM,https://m.media-amazon.com/images/I/71AvdaXz6vL._MCnd_AC_UL320_.jpg,,112,$34.98,Or fastest delivery 
Womens 2024 Floral Knot One Shoulder Sleeveless Ruffle Hem Flowy Boho Dresses,/PRETTYGARDEN-Womens-Shoulder-Sleeveless-Dresses/dp/B0CPTWVLDH,https://m.media-amazon.com/images/I/81kDjt8sBML._MCnd_AC_UL320_.jpg,,"5,841",$46.99,Or fastest delivery 
Womens Smocked Sleeveless Tiered Long Dresses,/PRETTYGARDEN-Sundress-Smocked-Sleeveless-Dresses/dp/B0CNQT3DTN,https://m.media-amazon.com/images/I/71+0YM-j4NL._MCnd_AC_UL320_.jpg,,"1,216",$45.98,Or fastest delivery 
Women's Summer Casual Loose Sundress Long Dress Sleeveless V Neck Split Tshirt Maxi Dresses,/Zilcremo-Womens-Sundress-Sleeveless-Dresses/dp/B0C4H7VY33,https://m.media-amazon.com/images/I/51+9osorpqL._MCnd_AC_UL320_.jpg,,371,$21.99,FREE delivery 
Women's Surplice Dress (Available in Plus Size),/Amazon-Essentials-Womens-Surplice-Dress/dp/B097RR5JNK,https://m.media-amazon.com/images/I/71jJcuYzlUS._MCnd_AC_UL320_.jpg,,"8,846",$23.70,Or fastest delivery 
Women's Summer One Shoulder Bodycon Midi Dresses 2024 Casual Sleeveless Ribbed Knit Side Slit Sweater Dress,/ZESICA-Shoulder-Bodycon-Sleeveless-Vacation/dp/B0CPLMZL9B,https://m.media-amazon.com/images/I/61Fhld6C6vL._MCnd_AC_UL320_.jpg,,100,$35.99,Or fastest delivery 
Womens Ruffle Long Flowy Cute Casual Beach Boho Sundress,/PRETTYGARDEN-Womens-Sleeveless-Smocked-Sundresses/dp/B0CY517WVN,https://m.media-amazon.com/images/I/81W7nUr4adL._MCnd_AC_UL320_.jpg,,24,$40.99,
Summer Dresses for Women 2024 Vacation Beach Cover Ups Sleeveless Sundresses Casual Tank Dresses,/ETCYY-Dresses-Vacation-Sleeveless-Sundresses/dp/B0CZ6F44PS,https://m.media-amazon.com/images/I/51Ldc5JL5IL._MCnd_AC_UL320_.jpg,,49,$27.98,Or fastest delivery 
,,,,,,
Women's Summer Dresses Sleeveless Ruffle Sleeve Round Neck Solid Loose Short Flowy Pleated Mini Babydoll Dress,/KIRUNDO-Womens-Summer-Sleeveless-Pleated/dp/B082KFFLB4,https://m.media-amazon.com/images/I/71YwUFDO-KL._MCnd_AC_UL320_.jpg,,"11,912",$40.99,Or fastest delivery 
Women's Adjustable Spaghetti Straps Sleeveless High Waist Split Midi Bodycon Cocktail Party Dress,/OWIN-Cocktail-Sleeveless-Spaghetti-Bridesmaid/dp/B0BL6MTDYW,https://m.media-amazon.com/images/I/41WE0fvxUjL._MCnd_AC_UL320_.jpg,,347,$42.99,Or fastest delivery 
Womens Summer V-Neck Drawstring Ruffle Cap Short Sleeve Casual Shift Mini Dress with Pockets,/ANRABESS-Womens-Drawstring-Pockets-1353caolv-L/dp/B0CMZGLF51,https://m.media-amazon.com/images/I/710RSodUTcL._MCnd_AC_UL320_.jpg,,97,$32.99,Or fastest delivery 
Women's Boho Polka Dot Flutter Short Sleeve V Neck Button Down Swing Midi Dress with Pockets,/MITILLY-Womens-Summer-Sleeveless-Pockets/dp/B07CR59S2Y,https://m.media-amazon.com/images/I/71h8r0RMlaL._MCnd_AC_UL320_.jpg,,"14,933",$35.99,Or fastest delivery 
Women's Tie Knot Cut Out Side Split Hem Sleeveless Knit Bodycon Maxi Dress,/LYANER-Womens-Sleeveless-Bodycon-Medium/dp/B09BZH5WT9,https://m.media-amazon.com/images/I/51YPjguMI1L._MCnd_AC_UL320_.jpg,,"2,914",$38.99,Or fastest delivery 
Women's Square Neck Lantern Long Sleeve Ruffle Shirred Flowy Party Mini Dress,/LYANER-Womens-Sleeve-Square-Shirred/dp/B09TNXLHP8,https://m.media-amazon.com/images/I/61WNtzQlpvL._MCnd_AC_UL320_.jpg,,642,$38.99,Or fastest delivery 
Women's Summer Short Sleeve Striped Midi T Shirt Dress Mock Neck Work Casual Dresses with Pockets,/MEROKEETY-Dresses-Elegant-Business-Dress/dp/B0CWVCPFX5,https://m.media-amazon.com/images/I/61IIYCy28eL._MCnd_AC_UL320_.jpg,,31,$27.89,Or fastest delivery 
2024 Womens Hide Belly Work Casual Midi Blouson Dress with Pockets,/Womens-Summer-Striped-Pockets-Deepblue/dp/B07SNJ17CS,https://m.media-amazon.com/images/I/81EAL1HZGIL._MCnd_AC_UL320_.jpg,,"8,417",$43.00,Or fastest delivery 
Women's Slimming 3/4 Sleeve Fit-and-Flare Crossover Tummy Control Dress,/Rekucci-Womens-Slimming-Crossover-Control/dp/B00ZGGZS3W,https://m.media-amazon.com/images/I/617tlra4XhL._MCnd_AC_UL320_.jpg,,"5,415",$49.99,Or fastest delivery 
Women's 3/4 Balloon Sleeve Striped High Waist T Shirt Midi Dress with Pockets,/MEROKEETY-Womens-Balloon-Striped-Pockets/dp/B09M3WLCX6,https://m.media-amazon.com/images/I/71BIzOsjXML._MCnd_AC_UL320_.jpg,,"11,570",$30.59,Or fastest delivery 
Women's Summer Dresses 2024 Halter Neck Sleeveless Smocked Backless Cut Out Floral Flowy A Line Maxi Dress,/GRACE-KARIN-Backless-Smocked-Dresses/dp/B0CP26LQYC,https://m.media-amazon.com/images/I/71QSU4EBdpL._MCnd_AC_UL320_.jpg,,73,$38.99,Or fastest delivery 
Women Summer Casual Sleeveless Maxi Sundress Button Fit & Flare A-Line Flowy Long Dresses 2024 Beach Outfits,/ANRABESS-Sleeveless-Sundress-Dresses-Outfits/dp/B0CSFWBYKN,https://m.media-amazon.com/images/I/61bU47hh54L._MCnd_AC_UL320_.jpg,,56,$19.99,Or fastest delivery 
Women's Summer Casual Beach Mini Dress Smocked V Neck Flutter Sleeve Cute Boho Short Dresses 2024 Trendy,/ANRABESS-Smocked-Flutter-Dresses-A1334-heise-S/dp/B0CML3816R,https://m.media-amazon.com/images/I/71t6J6+3o+L._MCnd_AC_UL320_.jpg,,74,$35.99,Or fastest delivery 
2024 Women's Summer Floral Print Flowy A Line Dresses Sleeveless Smocked Off Shoulder Maxi Dress,/Women-Summer-Shoulder-Floral-Flowy/dp/B0CPJKHTD7,https://m.media-amazon.com/images/I/61NfDMQcEiL._MCnd_AC_UL320_.jpg,,60,$59.99,Or fastest delivery 
Womens Long Maxi Dresses 2024 Short Sleeve V Neck Casual Summer Button Tshirt Dress with Pockets,/GRECERELLE-Decorative-Buttons-Dresses-Pockets/dp/B09PVHF5GB,https://m.media-amazon.com/images/I/51DPUggY3ZL._MCnd_AC_UL320_.jpg,,778,$36.99,Or fastest delivery 
Womens 2024 Summer Short Dress V Neck Short Sleeve A Line Hollow Out Lace Ruffle Cute Casual Beach Party Dresses,/PRETTYGARDEN-Womens-Summer-Dresses-XX-Large/dp/B0CQ533TQT,https://m.media-amazon.com/images/I/817xttPDmGL._MCnd_AC_UL320_.jpg,,137,$37.39,Or fastest delivery 
Womens Summer Spaghetti Strap Dresses Floral Print Crewneck Sleeveless Ruffle Mini Short Dress With Belt,/PRETTYGARDEN-Spaghetti-Dresses-Crewneck-Sleeveless/dp/B09KGBD84X,https://m.media-amazon.com/images/I/81zXN8OXoVL._MCnd_AC_UL320_.jpg,,"2,140",$35.99,Or fastest delivery 
Women's Long Sleeve Floral Print Retro V Neck Tassel Bohemian Midi Dresses,/R-Vivimos-Womens-Bohemian-Dresses-Multicolor/dp/B07SCXYCPP,https://m.media-amazon.com/images/I/81ndgNEcfRL._MCnd_AC_UL320_.jpg,,"14,002",$36.99,Or fastest delivery 
Women's 2024 Summer Short Sleeve Tshirt Dress Casual Crew Neck Beach Long Maxi Dresses,/MEROKEETY-Summer-Short-Sleeve-Tshirt/dp/B0CYQ3GFN6,https://m.media-amazon.com/images/I/51Z8EhzLf7L._MCnd_AC_UL320_.jpg,,43,$28.99,Or fastest delivery 
Womens 2024 Short Sleeve Split V Neck Ruffle Chiffon Elegant Mini Short Skirt Dresses,/Dokotoo-Dresses-Chiffon-Elegant-Pleated/dp/B0C5JCKXBK,https://m.media-amazon.com/images/I/51CcMzG21JL._MCnd_AC_UL320_.jpg,,846,$35.99,Or fastest delivery 
Women's Casual Floral Print Crewneck Short Sleeve A Line Boho Maxi Dress,/Floerns-Womens-Floral-Sleeve-Flared/dp/B09VXCP2JC,https://m.media-amazon.com/images/I/813slPDHlUL._MCnd_AC_UL320_.jpg,,"1,623",$35.99,Or fastest delivery 
Women's Summer Casual Maxi Dresses Flowy Ruffle Boho Long Dresses with Pockets,/Halife-Womens-Sleeveless-Casual-Dresses/dp/B09PYDLWG3,https://m.media-amazon.com/images/I/61SyzzIDFKL._MCnd_AC_UL320_.jpg,,"1,635",$39.99,Or fastest delivery 
Womens Summer Short Sleeve Boho Floral Maxi Dress Casual Loose Summer Beach Vacation Dresses with Pockets,/Womens-Colorful-Vacation-Dresses-Pockets/dp/B0C6M5BZ13,https://m.media-amazon.com/images/I/71BJzC8fc1L._MCnd_AC_UL320_.jpg,,52,$28.99,
Womens Cotton Shirt Dress Summer Casual Short Sleeve Button Down Beach Cover Up Shirts with Pockets,/Zeagoo-Womens-Cotton-Button-Pockets/dp/B0BRXQDKCH,https://m.media-amazon.com/images/I/81KRDveDHYL._MCnd_AC_UL320_.jpg,,936,$35.99,Or fastest delivery 
Women's Boho Summer Dresses Short Sleeve Floral Print Smocked Tie Back Tiered A-Line Flowy Cruise Vacation Dress,/BTFBM-Summer-Outfits-Smocked-Dresses/dp/B0CY7NHBRR,https://m.media-amazon.com/images/I/81l7DH44ltL._MCnd_AC_UL320_.jpg,,20,$44.99,Or fastest delivery 
2024 Women's Summer V Neck Smocked Cotton Dresses Short Sleeve Flowy A Line Maxi Dress with Pockets,/GRACE-KARIN-Womens-Smocked-Dresses/dp/B0CT2TSLFL,https://m.media-amazon.com/images/I/61Q4xCQ7KNL._MCnd_AC_UL320_.jpg,,47,$54.99,Or fastest delivery 
Women's Boho Floral Print Short Sleeve T Shirt Dress Summer Casual Loose Swing Tshirt Midi Dresses with Pockets,/Akivide-Womens-Floral-Dresses-Pockets/dp/B0D3T2SPDM,https://m.media-amazon.com/images/I/61wqnhfhLkL._MCnd_AC_UL320_.jpg,,22,$25.99,
Women's 2024 Summer Maxi Dress Halter Neck Backless Ruffle Smocked Casual Long Flowy Boho Dresses,/PRETTYGARDEN-Womens-Backless-Smocked-Dresses/dp/B0BKSW5DMV,https://m.media-amazon.com/images/I/61GxEIz6cpL._MCnd_AC_UL320_.jpg,,411,$18.99,Or fastest delivery 
Women's One Shoulder Leaf Print Self-tie Short Dress Sleeveless Tiered Hem Formal Dress Casual Mini Dress,/CUPSHE-Shoulder-Paisley-Sleeveless-Dresses/dp/B0CW39B5F6,https://m.media-amazon.com/images/I/81gLvenlzDL._MCnd_AC_UL320_.jpg,,63,$37.99,Or fastest delivery 
,,,,,,
,,,,,,
,,,,,,
,,,,,,
Women's One Shoulder Leaf Print Self-tie Short Dress Sleeveless Tiered Hem Formal Dress Casual Mini Dress,/CUPSHE-Shoulder-Paisley-Sleeveless-Dresses/dp/B0CW39B5F6,https://m.media-amazon.com/images/I/81gLvenlzDL._MCnd_AC_UL320_.jpg,,63,$37.99,Or fastest delivery 
Womens 2024 Summer Dress Drawstring Cap Sleeve Crew Neck Wrap Bodycon Dresses Mini Short Dress,/Dokotoo-Drawstring-Sleeveless-Bodycon-Dresses/dp/B0CTZTK9FK,https://m.media-amazon.com/images/I/61BEv3QFkaL._MCnd_AC_UL320_.jpg,,31,$29.99,Or fastest delivery 
Women Summer Mini Romper Dress Workout Tennis Active Sports Athleisure Outfits built in Shorts Trendy Vacation,/ANRABESS-Workout-Athleisure-Outfits-Vacation/dp/B0CBJVCF3B,https://m.media-amazon.com/images/I/614c4C034sL._MCnd_AC_UL320_.jpg,,870,$34.99,Or fastest delivery 
Womens Cap Sleeve Crew Neck Casual Loose Basic Mini Dress,/PRETTYGARDEN-Womens-Summer-Sleeve-Dresses/dp/B0CYLHH777,https://m.media-amazon.com/images/I/71LhnXS1VxL._MCnd_AC_UL320_.jpg,,43,$25.59,Or fastest delivery 
,,,,,,
Womens 2024 Puff Short Sleeve Square Neck Swiss Dot Smocked Waist Ruffle Hem Tiered Long Dress,/PRETTYGARDEN-Womens-Sleeve-Smocked-Dresses/dp/B0BMKD2HY8,https://m.media-amazon.com/images/I/61q1NDerTuL._MCnd_AC_UL320_.jpg,,362,$29.89,Or fastest delivery 
Women's 2024 Summer One Shoulder Sleeveless Beach Dress Casual Smocked Tiered Beach Maxi Sundress,/ANRABESS-Shoulder-Sleeveless-Sundress-1328heise-S/dp/B0CM8WXFNZ,https://m.media-amazon.com/images/I/612EOvsgNZL._MCnd_AC_UL320_.jpg,,52,$26.99,Or fastest delivery 
Womens 2024 Summer Boho Midi Dress Off Shoulder Puff Sleeve Print Smocked Ruffle Beach Long Flowy Dresses,/PRETTYGARDEN-Shoulder-Smocked-Dresses-X-Large/dp/B0CTH6Q2C6,https://m.media-amazon.com/images/I/71abiPlYWpL._MCnd_AC_UL320_.jpg,,41,$38.99,Or fastest delivery 
Women's Summer Maxi Dress Casual Boho Sleeveless Spaghetti Strap Smocked Tiered Long Beach Sun Dresses,/PRETTYGARDEN-Sleeveless-Spaghetti-Smocked-Multicolored/dp/B0CP8R5G83,https://m.media-amazon.com/images/I/71jK6WwFsaL._MCnd_AC_UL320_.jpg,,58,$45.99,FREE delivery
Women Patchwork Aline Dress 2024 Casual Summer Vacation Halter V Neck Cross Back Maxi Dress,/GRACE-KARIN-Summer-Halter-Backless/dp/B0CQ2XG1DS,https://m.media-amazon.com/images/I/71DxWav3f0L._MCnd_AC_UL320_.jpg,,6,$15.99,Or fastest delivery 
Women's Summer Casual Dresses Sleeveless Square Neck Knit Tank Top Backless Midi Beach Flowy Sundress with Pockets,/ANRABESS-Dresses-Sleeveless-Backless-Sundress/dp/B0CWZWDHGQ,https://m.media-amazon.com/images/I/61OKpJNjHcL._MCnd_AC_UL320_.jpg,,13,$28.99,Or fastest delivery 
Women's Summer Casual V Neck Ruffle Sleeve Smocked High Waist Midi Dress with Pockets,/MEROKEETY-Womens-Flutter-Smocked-Lightblue/dp/B0C5T134KN,https://m.media-amazon.com/images/I/51z0q4N04qL._MCnd_AC_UL320_.jpg,,"1,180",$47.99,Or fastest delivery 
Women's Boho Summer Dresses Short Sleeve Floral Print Smocked Tie Back Tiered A-Line Flowy Cruise Vacation Dress,/BTFBM-Summer-Outfits-Smocked-Dresses/dp/B0CY7NHBRR,https://m.media-amazon.com/images/I/81l7DH44ltL._MCnd_AC_UL320_.jpg,,20,$44.99,Or fastest delivery 
Womens Ribbed Maxi Bodycon Summer Strapless Tube Y2K Party Club Long Dress,/PRETTYGARDEN-Womens-Bodycon-Strapless-Dresses/dp/B0D25JJBQ3,https://m.media-amazon.com/images/I/61FzFHGC4DL._MCnd_AC_UL320_.jpg,,116,$44.99,Or fastest delivery 
Summer Dresses for Women V Neck Cap Sleeve Ruffle Hem Smock Short Dress,/SOLY-HUX-Summer-Dresses-Sleeve/dp/B0CBMTS64K,https://m.media-amazon.com/images/I/61MZTsBN1rL._MCnd_AC_UL320_.jpg,,188,$43.99,Or fastest delivery 
Women's Knit Ruched Mini Dress Ruffle Hem Crew Neck Long Sleeve Bodycon Summer Dresses,/CUPSHE-Womens-Sleeve-Ruffle-Dresses/dp/B0CMTR9D53,https://m.media-amazon.com/images/I/7151efZq4ZL._MCnd_AC_UL320_.jpg,,74,$37.99,Or fastest delivery 
Womens Casual Short Sleeve V Neck Floral Maxi Dress Boho Beach Irregular Sun Dress Flowy Tie Long Dresses,/PRETTYGARDEN-Bohemian-Printed-Dresses-Apricot/dp/B0BPSL8ZVY,https://m.media-amazon.com/images/I/71f58I5vnYL._MCnd_AC_UL320_.jpg,,260,$19.99,Or fastest delivery 
Womens 2024 Casual Summer Sleeveless Long Flowy Tiered Midi Dress With Pockets,/PRETTYGARDEN-Sleeveless-Vacation-Sundresses-Pockets/dp/B0CM6FZD5R,https://m.media-amazon.com/images/I/71abHthpH2L._MCnd_AC_UL320_.jpg,,68,$29.99,Or fastest delivery 
Women's 2024 Bohemian Summer Plaid Square Neck Puff Sleeve Ruffle Flowy Beach Midi Dress,/ZESICA-Womens-Bohemian-Summer-Square/dp/B09PG3D1F9,https://m.media-amazon.com/images/I/61ebmv5fBNL._MCnd_AC_UL320_.jpg,,"2,053",$42.99,Or fastest delivery 
Women's 2024 Spring Summer Square Collar Dress Off Shoulder Style Elegant Ruffle Hemline Skirt Mini Dresses S-XL,/Dokotoo-Dresses-Casual-Shoulder-Hemline/dp/B0CSY7HTVV,https://m.media-amazon.com/images/I/61EN+TuL6jL._MCnd_AC_UL320_.jpg,,60,$38.99,Or fastest delivery 
,,,,,,
Women's 2024 Summer Floral Mini Dress Sleeveless Cut Out Backless Ruffle Boho Beach Vacation Short Sundresses,/PRETTYGARDEN-Sleeveless-Backless-Vacation-Sundresses/dp/B0CQV99WQB,https://m.media-amazon.com/images/I/81L7H7fd9jL._MCnd_AC_UL320_.jpg,,76,$36.99,Or fastest delivery 
Womens Summer Dresses 2024 Short Sleeve V Neck Drawstring Casual Ruffle A-Line Swing Mini Babydoll Dress,/Dokotoo-Sundresses-Drawstring-Elegant-Babydoll/dp/B0CMCF8Z2W,https://m.media-amazon.com/images/I/61sYYjat91L._AC_UL320_.jpg,,187,$23.78,Or fastest delivery 
Women Casual Short Sleeve Dresses Empire Waist Knee Length Dress with Pockets,/DB-MOON-Womens-Dresses-Pockets/dp/B07RLP9CL9,https://m.media-amazon.com/images/I/71HwVrFaS1L._MCnd_AC_UL320_.jpg,,"39,631",$32.99,Or fastest delivery 
Womens Short Sleeve Crewneck Striped Basic Solid Tie Waist Office T Shirt Dress,/PRETTYGARDEN-Ladies-Crewneck-Belted-Pockets/dp/B08KD4WLKT,https://m.media-amazon.com/images/I/71OyVUgu46L._MCnd_AC_UL320_.jpg,,"15,798",$30.99,Or fastest delivery 
Women's Ruched Bodycon Dress 2024 Summer One Shoulder Sleeveless Party Cocktail Pencil Dresses,/PRETTYGARDEN-Bodycon-Shoulder-Sleeveless-Cocktail/dp/B0BTRXNGYH,https://m.media-amazon.com/images/I/61e+Bsbim8L._MCnd_AC_UL320_.jpg,,"1,820",$50.84,Or fastest delivery 
Womens 2024 Fall Long Sleeve V Neck Swiss Dot Pleated A Line Flowy Dresses,/PRETTYGARDEN-Womens-Casual-Pleated-Dresses/dp/B0CBJTTKN2,https://m.media-amazon.com/images/I/71LLeakgTML._MCnd_AC_UL320_.jpg,,"1,146",$54.99,Or fastest delivery 
Women Casual Loose Bohemian Floral Dress with Pockets Short Sleeve Long Maxi Summer Beach Swing Dress EJF,/YESNO-Casual-Bohemian-Floral-Pockets/dp/B0BS98LPGH,https://m.media-amazon.com/images/I/71iIMLELeVL._MCnd_AC_UL320_.jpg,,"16,474",$39.99,Or fastest delivery 
Women's 2024 Summer Short Puff Sleeve Midi Dress Casual V Neck High Waist Tiered Swing A Line Dresses,/MEROKEETY-Womens-Midi-Pockets-DarkGreen/dp/B0CZ9L8GFT,https://m.media-amazon.com/images/I/61M7SE1ZwWL._MCnd_AC_UL320_.jpg,,19,$37.99,Or fastest delivery 
Women's 2024 Summer Casual Dresses Flutter Short Sleeve Crewneck Loose Flowy Tiered Beach Maxi Dress with Pockets,/ZESICA-Dresses-Flutter-Crewneck-Pockets/dp/B0CR12QCD8,https://m.media-amazon.com/images/I/71s0ehnjgFL._MCnd_AC_UL320_.jpg,,120,$32.99,Or fastest delivery 
Women's 2024 Sexy Ruched Bodycon Midi Dress Long Puff Sleeve Square Neck Backless Cocktail Party Wedding Dresses,/ZESICA-Bodycon-Backless-Cocktail-DarkGreen/dp/B0C6TXS4FQ,https://m.media-amazon.com/images/I/71WmdiN8HML._MCnd_AC_UL320_.jpg,,539,$52.99,Or fastest delivery 
Women's Sleeveless Swimwear Coverups T-Shirt Beach Dress Tank Bikini Cover Up with Print,/Ekouaer-Sleeveless-Swimwear-Coverups-T-Shirt/dp/B0CJHZNJDR,https://m.media-amazon.com/images/I/71lMjy8elfL._AC_UL320_.jpg,,"2,567",$16.99,Or fastest delivery 
Square Neck Tennis Dresses for Women Golf Dress with Built-in Shorts Bra with Pockets for Athletic Sports Workout,/Square-Dresses-Pockets-Athletic-Workout/dp/B0CZKHQH2B,https://m.media-amazon.com/images/I/61DLwvVr-LL._MCnd_AC_UL320_.jpg,,13,$39.99,
Womens 2024 Summer Casual Dress Short Puff Sleeve Square Neck Tiered Flowy Midi Sundresses Beach Travel Dresses,/ANRABESS-Dresses-Vacation-Sundress-1256meihong-XL/dp/B0CKLL1PLY,https://m.media-amazon.com/images/I/61kBKPk-LDL._MCnd_AC_UL320_.jpg,,67,$34.99,
Women's Casual Loose Plain Pleated Long Dress Short Sleeve Midi Dresses,/Necooer-Womens-Casual-Pleated-Dresses/dp/B08RYQCS7T,https://m.media-amazon.com/images/I/51ILfA6nw7L._MCnd_AC_UL320_.jpg,,"4,505",$32.99,Or fastest delivery 
Women's 2024 Floral Summer Short Dress Square Neck Short Sleeve Tiered Ruffle Boho Swing Dresses,/PRETTYGARDEN-Womens-Floral-Summer-Dresses/dp/B0BL2YFMQX,https://m.media-amazon.com/images/I/81TBogpmMBL._MCnd_AC_UL320_.jpg,,975,$44.99,Or fastest delivery 
Women's Darleen Sleeveless Plunging Neckline Fit and Flare Midi Dress,/Dress-Population-Darleen-Sleeveless-XX-Large/dp/B07W5X16NL,https://m.media-amazon.com/images/I/81FtF8qFx8L._MCnd_AC_UL320_.jpg,,62,$133.43,Or fastest delivery 
Women's Sweetheart Neckline Dress Smocked Sundress Puff Short Sleeve Drawstring Dresses,/Byinns-Sweetheart-Neckline-Sundress-Drawstring/dp/B0BNNHPBRK,https://m.media-amazon.com/images/I/61uP26Xoh+L._MCnd_AC_UL320_.jpg,,"1,577",$43.99,
Women's 2024 Fashion Satin Sleeveless Halter Neck Tie Waist Wrap Bodycon Cocktail Party Mini Dress,/ZESICA-Fashion-Sleeveless-Bodycon-Cocktail/dp/B0BRXX664V,https://m.media-amazon.com/images/I/61U6zKn2zQL._MCnd_AC_UL320_.jpg,,538,$50.99,Or fastest delivery 
Women's 2024 Fall Midi Dress Puff Long Sleeve Wrap V Neck A Line Flowy Casual Elegant Cocktail Party Dresses,/PRETTYGARDEN-Womens-Elegant-Cocktail-Dresses/dp/B0CBMQT21J,https://m.media-amazon.com/images/I/71sUwUPnLsL._MCnd_AC_UL320_.jpg,,143,$19.99,Or fastest delivery 
Women's One Shoulder Beach Dress Sleeveless Tie Waist Mini Summer Casual Dresses,/CUPSHE-Womens-Shoulder-Sleeveless-Dresses/dp/B0CSKHWZ5Z,https://m.media-amazon.com/images/I/81ajyjuJBKL._MCnd_AC_UL320_.jpg,,7,$34.99,Or fastest delivery 
2024 Womens Summer Short Sleeve Dresses Casual Loose Crewneck Dress Swing Comfy Beach Sundress with Pockets,/HOTGIFT-Loungewear-Dresses-Sundress-Pockets/dp/B0BQ571LND,https://m.media-amazon.com/images/I/71O4SCasfvL._MCnd_AC_UL320_.jpg,,"1,207",$34.99,Or fastest delivery 
Women's Ruffle Beach Dress Split V Neck with Tassel Tie Elastic Half Sleeve Mini Summer Dresses,/CUPSHE-Womens-Ruffle-Elastic-Dresses/dp/B0CX547G3B,https://m.media-amazon.com/images/I/8163y4iwlpL._MCnd_AC_UL320_.jpg,,6,$34.99,
Women's 2024 Summer Floral Spaghetti Strap Maxi Dress Stretch Sexy Bodycon Dress Backless Slip Long Dresses,/PRETTYGARDEN-Spaghetti-Sundress-Bodycon-X-Large/dp/B0CY1ZPM2N,https://m.media-amazon.com/images/I/71LMQJ-GhJL._MCnd_AC_UL320_.jpg,,137,$42.48,Or fastest delivery 
Women's Maxi Dress Lace Dresses Boho Tassel V-Neck Flare Ruffle Adjustable Straps Beach Summer Long Dress,/CUPSHE-Womens-Summer-Tassel-Dresses/dp/B0C1G7DMLZ,https://m.media-amazon.com/images/I/618TXP7WEqL._MCnd_AC_UL320_.jpg,,"3,802",,
Women's Summer 2024 Sleeveless Mini Dress V Neck Ruffle Casual Loose Flowy Beach Sundress,/MEROKEETY-Casual-Loose-Flowy-Sundress/dp/B0D17PDVST,https://m.media-amazon.com/images/I/61H71JSTSoL._MCnd_AC_UL320_.jpg,,23,$32.99,Or fastest delivery 
Women's Halterneck Sleeveless Sexy Split Cocktail Party Midi Dress Ruched Bodycon Dress,/GRACE-KARIN-Dresses-Bodycon-Cocktail/dp/B0CL9ZF15V,https://m.media-amazon.com/images/I/61Jzqv5izQL._MCnd_AC_UL320_.jpg,,69,$33.99,Or fastest delivery 
Womens Summer Dresses Casual Puff Short Sleeve V-Neck T Shirt Dress with Pockets,/Halife-Summer-Dresses-Casual-Pockets/dp/B0BW8BSMZV,https://m.media-amazon.com/images/I/51wjA36YtfL._MCnd_AC_UL320_.jpg,,138,$29.99,Or fastest delivery 
Women's Ombre Dots Fit and Flare Dress,/London-Times-Womens-Ombre-Flare/dp/B0CS6YNWJ4,https://m.media-amazon.com/images/I/71O+0XLqIxL._MCnd_AC_UL320_.jpg,,39,$49.99,Or fastest delivery 
Summer Casual Bohemian Floral Dresses for Women 2024 Puff Short Sleeve Long Maxi Dress with Pockets,/YESNO-Summer-Bohemian-Dresses-Pockets/dp/B0CZGSGQ4T,https://m.media-amazon.com/images/I/71tlh5tPgQL._MCnd_AC_UL320_.jpg,,47,$36.54,Or fastest delivery 
,,,,,,
,,,,,,
,,,,,,
,,,,,,
Women's Tavia Tie-Front Tiered Maxi Dress,/Drop-Womens-Tavia-Tie-Front-Tiered/dp/B0CN3BXZCB,https://m.media-amazon.com/images/I/71A5q9v6cXL._MCnd_AC_UL320_.jpg,,28,$79.90,FREE delivery 
Women's 3/4 Balloon Sleeve Striped High Waist T Shirt Midi Dress with Pockets,/MEROKEETY-Womens-Balloon-Striped-Pockets/dp/B09M3WLCX6,https://m.media-amazon.com/images/I/71BIzOsjXML._MCnd_AC_UL320_.jpg,,"11,570",$30.59,Or fastest delivery 
Women Summer Casual Striped Dress Sleeveless Halter Strap Flowy Boho Dress with Pockets,/Summer-Casual-Striped-Sleeveless-Pockets/dp/B0BX35XQJM,https://m.media-amazon.com/images/I/518nzpnbvUL._MCnd_AC_UL320_.jpg,,"1,885",$27.98,Or fastest delivery 
Womens 2024 Puff Short Sleeve Square Neck Swiss Dot Smocked Waist Ruffle Hem Tiered Long Dress,/PRETTYGARDEN-Womens-Sleeve-Smocked-Dresses/dp/B0BMKD2HY8,https://m.media-amazon.com/images/I/61q1NDerTuL._MCnd_AC_UL320_.jpg,,362,$29.89,Or fastest delivery 
,,,,,,
Women's Placement Print Matte Jersey Midi Sheath Career Office Workwear Event Occasion Guest of,/Maggy-London-Placement-Workwear-Turquoise/dp/B0BXZ39MD2,https://m.media-amazon.com/images/I/71D6+QIguHL._MCnd_AC_UL320_.jpg,,23,$128.00,Or fastest delivery 
Women's Elegant Ruffle Hem Tube Bodycon Solid Long Dress,/Verdusa-Womens-Elegant-Ruffle-Bodycon/dp/B0CBNG8N21,https://m.media-amazon.com/images/I/51T4byzqU3L._MCnd_AC_UL320_.jpg,,,,FREE delivery 
Women's Lightweight Jersey Slim-Fit Tank Mini Dress (Previously Daily Ritual),/Amazon-Daily-Ritual-Womens-Slim-fit/dp/B09FKZNLL2,https://m.media-amazon.com/images/I/613+aidQl5L._MCnd_AC_UL320_.jpg,,820,$6.80,Or fastest delivery 
Women Casual Summer Short Ruffles Tiered Sleeve Smocked Midi Dresses Bohemian Floral V Neck Wedding Guest Long Dresses,/BTFBM-Ruffles-Smocked-Dresses-Bohemian/dp/B0BKT5B9CW,https://m.media-amazon.com/images/I/812cvzc5tdL._MCnd_AC_UL320_.jpg,,852,$49.99,Or fastest delivery 
Women's Casual Maxi Dresses with Pockets Ruffle Sleeve Smocked Dress XS-2XL,/OFEEFAN-Bridal-Shower-Dresses-Casual/dp/B0BY888ZKT,https://m.media-amazon.com/images/I/71v9HBc95EL._MCnd_AC_UL320_.jpg,,469,$41.99,Or fastest delivery 
Womens 2024 Formal Dresses Wrap V-Neck Ruched Sexy Bridesmaid Wedding Guest Maxi Dresses,/Dokotoo-Elegant-Backless-Pleated-Bridesmaid/dp/B0BHYYF48Y,https://m.media-amazon.com/images/I/61qQMzMLLcL._MCnd_AC_UL320_.jpg,,"1,309",$49.79,Or fastest delivery 
Women's Plus Size Leopard Print V Neck Short Sleeve T Shirt Dress Summer Short Dresses,/SOLY-HUX-Womens-Leopard-Dresses/dp/B0C77VNS9K,https://m.media-amazon.com/images/I/71HVDuAOooL._MCnd_AC_UL320_.jpg,,216,,
Dress Women Pencil Dress Cap Sleeve Pencil Dress,/Womens-Elegant-Sleeve-Hips-Wrapped-Evening/dp/B0B6HZ27FH,https://m.media-amazon.com/images/I/71XwVYJ93BL._MCnd_AC_UL320_.jpg,,686,$33.99,Or fastest delivery 
Maxi Dress for Women with Pockets Boho Summer Dress with Wide Adjustable Buttoned Strap E96,/YESNO-Bohemian-Adjustable-Buttoned-Picture14/dp/B098JS6N4S,https://m.media-amazon.com/images/I/71zjftbp-oL._MCnd_AC_UL320_.jpg,,"3,862",$39.99,Or fastest delivery 
Women's One Shoulder Ruched Bodycon Dress 2024 Summer Cutout Slit Wrap Party Cocktail Midi Dresses,/PRETTYGARDEN-Shoulder-Bodycon-Cocktail-Dresses/dp/B0BPKYR7WK,https://m.media-amazon.com/images/I/51g6cukLasL._MCnd_AC_UL320_.jpg,,"2,333",$43.19,Or fastest delivery 
Women's Summer Floral Cherry Print A Line Short Cami Dress,/Floerns-Womens-Summer-Floral-Cherry/dp/B0C3VH6KFQ,https://m.media-amazon.com/images/I/61M7ctw+K2L._MCnd_AC_UL320_.jpg,,"2,057",$24.99,
2024 Women's Summer V Neck Smocked Cotton Dresses Short Sleeve Flowy A Line Maxi Dress with Pockets,/GRACE-KARIN-Womens-Smocked-Dresses/dp/B0CT2TSLFL,https://m.media-amazon.com/images/I/61Q4xCQ7KNL._MCnd_AC_UL320_.jpg,,47,$54.99,Or fastest delivery 
Sun Dresses for Women 2024 Boho Midi Dresses Casual Spaghetti Ruffle Dress Wedding Guest Dresses for Women,/Belle-Poque-Dresses-Sundress-Wedding/dp/B0D2W7XQ3B,https://m.media-amazon.com/images/I/61hYK49ygGL._MCnd_AC_UL320_.jpg,,45,$42.99,FREE delivery 
Womens 2024 Summer Casual Cap Sleeve V Neck Tiered Ruffle Swing A Line Dresses,/PRETTYGARDEN-Womens-Summer-Dresses-X-Large/dp/B0CSFLL3VY,https://m.media-amazon.com/images/I/814nYWM2RuL._MCnd_AC_UL320_.jpg,,49,$39.99,Or fastest delivery 
,,,,,,
,,,,,,
,,,,,,
,,,,,,
